asset_id,filename,category,final_score,stage3_delta,source_path,media_type,route_class,route,routing_score,current_quality,post_edit_potential,expected_gain,recoverability,aesthetic_potential,stock_potential,portfolio_potential,legal_readiness,uniqueness,confidence,genre,concepts,description,unrecoverable,partially_fixable,fixable,edit_recipe,marketplaces,legal_warnings,cluster_id,cluster_size,best_in_cluster,megapixels,duration,provenance,proposed_action,completed_action,status,error
358b10c03c692506,P1019368.JPG,GOOD_STOCK,59,-8,/Users/vitaliikarasov/Desktop/photo-ai-toolkit/photos/P1019368.JPG,photo,stock_strong,commercial,71,78,79,1,78,36,91,41,100,100,87,landscape,,Lift foreground shadows and crop distracting roof edge,,,color_cast: channel means 110/122/134,"Correct white balance: neutralise the cast, damped | Straighten: rotate 7.2° anticlockwise | Do not apply aggressive sharpening: halos cost more than they buy",123RF; Adobe Stock; Alamy; Depositphotos; Dreamstime; Pond5; Shutterstock; Getty Images / iStock,,P1019368.JPG,1,True,24.0,0.0,camera_original,keep_in_place,,ok,
31695f85aaae438e,P1019369.JPG,GOOD_STOCK,45,0,/Users/vitaliikarasov/Desktop/photo-ai-toolkit/photos/P1019369.JPG,photo,duplicate_candidate,commercial,40,17,47,30,67,17,68,17,100,3,82,landscape,,Recover foreground cautiously and add local mountain contrast,,some_crushed_shadows: 22.9%; weaker_duplicate: a sharper frame exists in cluster P1019370.JPG (quality 11 points higher),underexposed: mean luma 70; color_cast: channel means 61/71/88,"Adjust exposure: +0.8 EV | Correct white balance: neutralise the cast, damped | Recover highlights and lift shadows: moderate | Crop: 16:9 crop -- keep 84% of the frame (x 0-512, y 0-288 of the working image) | Do not apply aggressive sharpening: halos cost more than they buy",123RF; Adobe Stock; Alamy; Depositphotos; Dreamstime; Pond5; Shutterstock; Getty Images / iStock,,P1019370.JPG,2,False,24.0,0.0,camera_original,compare_by_hand,,ok,
c278d9ef8d9310aa,P1019370.JPG,GOOD_STOCK,50,1,/Users/vitaliikarasov/Desktop/photo-ai-toolkit/photos/P1019370.JPG,photo,stock_strong,commercial,54,28,55,27,67,20,78,25,100,80,82,landscape,,Open shadows and crop the dark lower foreground,,some_crushed_shadows: 18.9%,color_cast: channel means 71/82/99,"Adjust exposure: +0.6 EV | Correct white balance: neutralise the cast, damped | Recover highlights and lift shadows: moderate | Add contrast: restrained S-curve | Straighten: rotate 2.8° clockwise | Do not apply aggressive sharpening: halos cost more than they buy",123RF; Adobe Stock; Alamy; Depositphotos; Dreamstime; Pond5; Shutterstock; Getty Images / iStock,,P1019370.JPG,2,True,24.0,0.0,camera_original,keep_in_place,,ok,
4d6887b4fd8c54e0,P1019371.JPG,GOOD_STOCK,51,7,/Users/vitaliikarasov/Desktop/photo-ai-toolkit/photos/P1019371.JPG,photo,stock_standard,commercial,54,22,49,27,67,31,60,32,100,100,82,landscape,,Crop lower darkness while preserving generous vertical sky,,some_crushed_shadows: 18.9%,color_cast: channel means 67/78/97,"Adjust exposure: +0.6 EV | Correct white balance: neutralise the cast, damped | Recover highlights and lift shadows: moderate | Add contrast: restrained S-curve | Straighten: rotate 6.2° anticlockwise | Do not apply aggressive sharpening: halos cost more than they buy",123RF; Adobe Stock; Alamy; Depositphotos; Dreamstime; Pond5; Shutterstock; Getty Images / iStock,,P1019371.JPG,1,True,24.0,0.0,camera_original,keep_in_place,,ok,
e1a203f8aa1a11f0,P1019372.JPG,GOOD_STOCK,50,7,/Users/vitaliikarasov/Desktop/photo-ai-toolkit/photos/P1019372.JPG,photo,stock_standard,commercial,53,24,50,26,67,24,64,27,100,100,82,landscape,,Lift mountain detail and trim featureless foreground,,some_crushed_shadows: 18.2%,color_cast: channel means 68/78/98,"Adjust exposure: +0.6 EV | Correct white balance: neutralise the cast, damped | Recover highlights and lift shadows: moderate | Add contrast: restrained S-curve | Do not apply aggressive sharpening: halos cost more than they buy",123RF; Adobe Stock; Alamy; Depositphotos; Dreamstime; Pond5; Shutterstock; Getty Images / iStock,,P1019372.JPG,1,True,24.0,0.0,camera_original,keep_in_place,,ok,
302c709f1c829047,P1019373.JPG,GOOD_STOCK,63,1,/Users/vitaliikarasov/Desktop/photo-ai-toolkit/photos/P1019373.JPG,photo,stock_standard,commercial,69,53,73,20,78,50,64,54,100,100,87,landscape,,Brighten foreground and clarify mountain through cloud,,,underexposed: mean luma 68; color_cast: channel means 61/69/82,"Adjust exposure: +0.8 EV | Correct white balance: neutralise the cast, damped | Recover highlights and lift shadows: moderate | Crop: 16:9 crop -- keep 84% of the frame (x 0-512, y 0-288 of the working image) | Do not apply aggressive sharpening: halos cost more than they buy",123RF; Adobe Stock; Alamy; Depositphotos; Dreamstime; Pond5; Shutterstock; Getty Images / iStock,,P1019373.JPG,1,True,24.0,0.0,camera_original,keep_in_place,,ok,
7d3272235b70fb32,P1019376.JPG,GOOD_PERSONAL,57,-20,/Users/vitaliikarasov/Desktop/photo-ai-toolkit/photos/P1019376.JPG,photo,review,editorial,65,75,83,8,67,72,27,72,15,79,87,reportage,,Recover sky and straighten sign perspective,,some_clipped_highlights: 6.7%,mild_noise: sigma 4.7,"Correct white balance: neutralise the cast, damped | Recover highlights and lift shadows: moderate | Add contrast: restrained S-curve | Apply luminance denoise: restrained | Do not apply aggressive sharpening: halos cost more than they buy",Alamy; 123RF; Adobe Stock; Depositphotos; Dreamstime; Pond5; Shutterstock; Getty Images / iStock,Model release required before commercial licensing; Readable trademark present: editorial only unless cleared,P1019377.JPG,2,False,24.0,0.0,camera_original,hold_for_review,,ok,
614aad72d812a4f6,P1019377.JPG,GOOD_PERSONAL,57,-22,/Users/vitaliikarasov/Desktop/photo-ai-toolkit/photos/P1019377.JPG,photo,review,editorial,64,75,83,8,67,69,28,68,15,79,87,reportage,,Correct perspective and retain heritage buildings behind sign,,some_clipped_highlights: 6.7%,mild_noise: sigma 4.8,"Correct white balance: neutralise the cast, damped | Recover highlights and lift shadows: moderate | Add contrast: restrained S-curve | Straighten: rotate 0.8° anticlockwise | Apply luminance denoise: restrained | Do not apply aggressive sharpening: halos cost more than they buy",Alamy; 123RF; Adobe Stock; Depositphotos; Dreamstime; Pond5; Shutterstock; Getty Images / iStock,Model release required before commercial licensing; Readable trademark present: editorial only unless cleared,P1019377.JPG,2,True,24.0,0.0,camera_original,hold_for_review,,ok,
5e93b41486ab9851,P1019378.JPG,GOOD_PERSONAL,55,-15,/Users/vitaliikarasov/Desktop/photo-ai-toolkit/photos/P1019378.JPG,photo,review,editorial,61,69,78,9,67,60,24,61,15,100,87,reportage,,Crop right wall and recover bright overcast sky,,some_clipped_highlights: 7.9%,mild_noise: sigma 3.4,"Correct white balance: neutralise the cast, damped | Recover highlights and lift shadows: moderate | Add contrast: restrained S-curve | Apply luminance denoise: restrained | Do not apply aggressive sharpening: halos cost more than they buy",Alamy; 123RF; Adobe Stock; Depositphotos; Dreamstime; Pond5; Shutterstock; Getty Images / iStock,Model release required before commercial licensing; Readable trademark present: editorial only unless cleared,P1019378.JPG,1,True,24.0,0.0,camera_original,hold_for_review,,ok,
5f810c2f87c72a6e,P1019379.JPG,GOOD_PERSONAL,61,-9,/Users/vitaliikarasov/Desktop/photo-ai-toolkit/photos/P1019379.JPG,photo,flagship,editorial,72,71,77,6,78,82,34,85,55,100,92,street,,Lift subject exposure and crop loosely around profile,,,,"Adjust exposure: +0.3 EV | Correct white balance: neutralise the cast, damped | Recover highlights and lift shadows: moderate | Add contrast: restrained S-curve | Straighten: rotate 1.8° clockwise | Do not apply aggressive sharpening: halos cost more than they buy",Alamy; 123RF; Adobe Stock; Depositphotos; Dreamstime; Pond5; Shutterstock; Getty Images / iStock,Model release required before commercial licensing,P1019379.JPG,1,True,24.0,0.0,camera_original,keep_in_place,,ok,
3ac63c6bf67f5735,P1019380.JPG,GOOD_PERSONAL,55,-7,/Users/vitaliikarasov/Desktop/photo-ai-toolkit/photos/P1019380.JPG,photo,review,editorial,64,67,74,7,78,60,31,63,55,100,87,street,,Raise face selectively and reduce excessive sky,,,color_cast: channel means 91/100/115,"Adjust exposure: +0.3 EV | Correct white balance: neutralise the cast, damped | Recover highlights and lift shadows: moderate | Add contrast: restrained S-curve | Straighten: rotate 0.8° clockwise | Do not apply aggressive sharpening: halos cost more than they buy",Alamy; 123RF; Adobe Stock; Depositphotos; Dreamstime; Pond5; Shutterstock; Getty Images / iStock,Model release required before commercial licensing,P1019380.JPG,1,True,24.0,0.0,camera_original,hold_for_review,,ok,
9736e50457d36434,P1019381.JPG,GOOD_PERSONAL,60,-9,/Users/vitaliikarasov/Desktop/photo-ai-toolkit/photos/P1019381.JPG,photo,review,editorial,69,69,76,7,78,71,36,73,55,100,87,street,,Brighten face and crop intruding figure at left,,,color_cast: channel means 88/96/107,"Adjust exposure: +0.3 EV | Correct white balance: neutralise the cast, damped | Recover highlights and lift shadows: moderate | Add contrast: restrained S-curve | Straighten: rotate 5.2° clockwise | Do not apply aggressive sharpening: halos cost more than they buy",Alamy; 123RF; Adobe Stock; Depositphotos; Dreamstime; Pond5; Shutterstock; Getty Images / iStock,Model release required before commercial licensing,P1019381.JPG,1,True,24.0,0.0,camera_original,hold_for_review,,ok,
daf4189a22a7aa8f,P1019382.JPG,GOOD_PERSONAL,62,-10,/Users/vitaliikarasov/Desktop/photo-ai-toolkit/photos/P1019382.JPG,photo,review,editorial,70,70,76,6,78,70,44,71,55,100,87,portrait,,Lift subject exposure and preserve environmental context,,,color_cast: channel means 90/99/112,"Adjust exposure: +0.3 EV | Correct white balance: neutralise the cast, damped | Recover highlights and lift shadows: moderate | Add contrast: restrained S-curve | Straighten: rotate 3.2° clockwise | Do not apply aggressive sharpening: halos cost more than they buy",Alamy; 123RF; Adobe Stock; Depositphotos; Dreamstime; Pond5; Shutterstock; Getty Images / iStock,Model release required before commercial licensing,P1019382.JPG,1,True,24.0,0.0,camera_original,hold_for_review,,ok,
f598c7c6dd85b3cd,P1019383.JPG,GOOD_PERSONAL,61,-3,/Users/vitaliikarasov/Desktop/photo-ai-toolkit/photos/P1019383.JPG,photo,review,editorial,67,64,74,10,78,80,29,84,55,71,87,portrait,,Brighten face and crop slightly from right and bottom,,,color_cast: channel means 84/94/109,"Adjust exposure: +0.3 EV | Correct white balance: neutralise the cast, damped | Recover highlights and lift shadows: moderate | Add contrast: restrained S-curve | Straighten: rotate 7.2° clockwise | Do not apply aggressive sharpening: halos cost more than they buy",Alamy; 123RF; Adobe Stock; Depositphotos; Dreamstime; Pond5; Shutterstock; Getty Images / iStock,Model release required before commercial licensing,P1019383.JPG,3,True,24.0,0.0,camera_original,hold_for_review,,ok,
b0a2c865e63b7118,P1019384.JPG,GOOD_PERSONAL,59,1,/Users/vitaliikarasov/Desktop/photo-ai-toolkit/photos/P1019384.JPG,photo,review,editorial,63,64,74,10,78,69,24,75,55,71,87,portrait,,Raise subject shadows and tighten crop around leftward gaze,,,color_cast: channel means 84/94/109,"Adjust exposure: +0.3 EV | Correct white balance: neutralise the cast, damped | Recover highlights and lift shadows: moderate | Add contrast: restrained S-curve | Straighten: rotate 6.2° clockwise | Do not apply aggressive sharpening: halos cost more than they buy",Alamy; 123RF; Adobe Stock; Depositphotos; Dreamstime; Pond5; Shutterstock; Getty Images / iStock,Model release required before commercial licensing,P1019383.JPG,3,False,24.0,0.0,camera_original,hold_for_review,,ok,
44b7bbfb5abae3b4,P1019385.JPG,GOOD_PERSONAL,60,5,/Users/vitaliikarasov/Desktop/photo-ai-toolkit/photos/P1019385.JPG,photo,review,editorial,60,63,73,10,78,64,22,71,55,71,87,portrait,,Recover dark clothing and crop empty lower foreground,,,color_cast: channel means 85/94/111,"Adjust exposure: +0.3 EV | Correct white balance: neutralise the cast, damped | Recover highlights and lift shadows: moderate | Add contrast: restrained S-curve | Straighten: rotate 2.2° clockwise | Do not apply aggressive sharpening: halos cost more than they buy",Alamy; 123RF; Adobe Stock; Depositphotos; Dreamstime; Pond5; Shutterstock; Getty Images / iStock,Model release required before commercial licensing,P1019383.JPG,3,False,24.0,0.0,camera_original,hold_for_review,,ok,
d0fcb0e001442189,P1019386.JPG,GOOD_PERSONAL,64,-6,/Users/vitaliikarasov/Desktop/photo-ai-toolkit/photos/P1019386.JPG,photo,review,editorial,71,72,78,6,78,81,28,83,55,100,87,portrait,,Lift face and remove partial passerby at left,,,color_cast: channel means 89/98/110,"Adjust exposure: +0.3 EV | Correct white balance: neutralise the cast, damped | Recover highlights and lift shadows: moderate | Add contrast: restrained S-curve | Straighten: rotate 0.8° clockwise | Do not apply aggressive sharpening: halos cost more than they buy",Alamy; 123RF; Adobe Stock; Depositphotos; Dreamstime; Pond5; Shutterstock; Getty Images / iStock,Model release required before commercial licensing,P1019386.JPG,1,True,24.0,0.0,camera_original,hold_for_review,,ok,
9839c4b93394468d,P1019387.JPG,GOOD_STOCK,61,-12,/Users/vitaliikarasov/Desktop/photo-ai-toolkit/photos/P1019387.JPG,photo,stock_strong,commercial,71,87,88,1,78,44,74,46,100,79,92,architecture,,Crop intrusive pole and emphasize garden path and house,,,mild_noise: sigma 7.2,"Adjust exposure: +0.2 EV | Correct white balance: neutralise the cast, damped | Recover highlights and lift shadows: moderate | Add contrast: restrained S-curve | Apply luminance denoise: restrained | Do not apply aggressive sharpening: halos cost more than they buy",123RF; Adobe Stock; Alamy; Depositphotos; Dreamstime; Pond5; Shutterstock; Getty Images / iStock,,P1019388.JPG,2,False,24.0,0.0,camera_original,keep_in_place,,ok,
4719676928f11af3,P1019388.JPG,GOOD_STOCK,60,-18,/Users/vitaliikarasov/Desktop/photo-ai-toolkit/photos/P1019388.JPG,photo,stock_strong,commercial,76,87,88,1,78,54,83,55,100,79,92,architecture,,Crop left pole and foreground box for cleaner garden view,,,mild_noise: sigma 7.2,"Adjust exposure: +0.2 EV | Correct white balance: neutralise the cast, damped | Recover highlights and lift shadows: moderate | Add contrast: restrained S-curve | Apply luminance denoise: restrained | Do not apply aggressive sharpening: halos cost more than they buy",123RF; Adobe Stock; Alamy; Depositphotos; Dreamstime; Pond5; Shutterstock; Getty Images / iStock,,P1019388.JPG,2,True,24.0,0.0,camera_original,keep_in_place,,ok,
64d83587a20cd8b1,P1019389.JPG,GOOD_PERSONAL,71,-8,/Users/vitaliikarasov/Desktop/photo-ai-toolkit/photos/P1019389.JPG,photo,stock_standard,editorial,72,87,89,2,78,63,63,62,55,71,92,architecture,,Refine contrast and crop foreground machinery slightly,,,mild_noise: sigma 3.6,"Correct white balance: neutralise the cast, damped | Recover highlights and lift shadows: moderate | Add contrast: restrained S-curve | Apply luminance denoise: restrained | Do not apply aggressive sharpening: halos cost more than they buy",Alamy; 123RF; Adobe Stock; Depositphotos; Dreamstime; Pond5; Shutterstock; Getty Images / iStock,Model release required before commercial licensing,P1019389.JPG,3,True,24.0,0.0,camera_original,keep_in_place,,ok,
de86098529959181,P1019390.JPG,GOOD_STOCK,64,-9,/Users/vitaliikarasov/Desktop/photo-ai-toolkit/photos/P1019390.JPG,photo,duplicate_candidate,commercial,61,71,79,8,78,47,73,47,100,3,92,architecture,,Lift shadows and crop foreground clutter.,,weaker_duplicate: a sharper frame exists in cluster P1019389.JPG (quality 16 points higher),,"Adjust exposure: +0.3 EV | Correct white balance: neutralise the cast, damped | Recover highlights and lift shadows: moderate | Add contrast: restrained S-curve | Straighten: rotate 6.8° clockwise | Do not apply aggressive sharpening: halos cost more than they buy",123RF; Adobe Stock; Alamy; Depositphotos; Dreamstime; Pond5; Shutterstock; Getty Images / iStock,,P1019389.JPG,3,False,24.0,0.0,camera_original,compare_by_hand,,ok,
29f23147e849e2f9,P1019391.JPG,GOOD_STOCK,65,-13,/Users/vitaliikarasov/Desktop/photo-ai-toolkit/photos/P1019391.JPG,photo,duplicate_candidate,commercial,66,77,82,5,78,55,81,55,100,3,92,architecture,,Lift shadows; retain waterwheel and village context.,,weaker_duplicate: a sharper frame exists in cluster P1019389.JPG (quality 10 points higher),,"Adjust exposure: +0.2 EV | Correct white balance: neutralise the cast, damped | Recover highlights and lift shadows: moderate | Add contrast: restrained S-curve | Do not apply aggressive sharpening: halos cost more than they buy",123RF; Adobe Stock; Alamy; Depositphotos; Dreamstime; Pond5; Shutterstock; Getty Images / iStock,,P1019389.JPG,3,False,24.0,0.0,camera_original,compare_by_hand,,ok,
a372c84182338c6a,P1019392.JPG,GOOD_STOCK,58,0,/Users/vitaliikarasov/Desktop/photo-ai-toolkit/photos/P1019392.JPG,photo,stock_strong,commercial,63,59,67,8,78,29,78,33,100,100,92,landscape,,Crop tighter around reflective pond and moss.,,,underexposed: mean luma 67; mild_noise: sigma 6.8,"Adjust exposure: +0.8 EV | Correct white balance: neutralise the cast, damped | Straighten: rotate 5.8° anticlockwise | Apply luminance denoise: restrained | Do not apply aggressive sharpening: halos cost more than they buy",123RF; Adobe Stock; Alamy; Depositphotos; Dreamstime; Pond5; Shutterstock; Getty Images / iStock,,P1019392.JPG,1,True,24.0,0.0,camera_original,keep_in_place,,ok,
1bc8de7ca99f2a6a,P1019393.JPG,GOOD_PERSONAL,58,7,/Users/vitaliikarasov/Desktop/photo-ai-toolkit/photos/P1019393.JPG,photo,review,editorial,57,56,64,8,78,48,31,53,55,100,92,portrait,,Lift face and crop below the hands.,,,underexposed: mean luma 63; mild_noise: sigma 6.6,"Adjust exposure: +0.9 EV | Correct white balance: neutralise the cast, damped | Straighten: rotate 7.2° anticlockwise | Apply luminance denoise: restrained | Do not apply aggressive sharpening: halos cost more than they buy",Alamy; 123RF; Adobe Stock; Depositphotos; Dreamstime; Pond5; Shutterstock; Getty Images / iStock,Model release required before commercial licensing,P1019393.JPG,1,True,24.0,0.0,camera_original,hold_for_review,,ok,
e1f54b9c4a15f9ca,P1019394.JPG,GOOD_PERSONAL,60,0,/Users/vitaliikarasov/Desktop/photo-ai-toolkit/photos/P1019394.JPG,photo,review,editorial,63,65,76,11,56,49,39,55,55,100,82,portrait,,Recover bright sky and strengthen subject separation.,,some_clipped_highlights: 7.3%; heavy_noise: sigma 9.9,color_cast: channel means 104/102/87,"Adjust exposure: +0.2 EV | Correct white balance: neutralise the cast, damped | Straighten: rotate 4.8° clockwise | Apply luminance denoise: restrained | Do not apply aggressive sharpening: halos cost more than they buy",Alamy; 123RF; Adobe Stock; Depositphotos; Dreamstime; Pond5; Shutterstock; Getty Images / iStock,Model release required before commercial licensing,P1019394.JPG,1,True,24.0,0.0,camera_original,hold_for_review,,ok,
55c6fe3df0d599b4,P1019395.JPG,GOOD_STOCK,69,-3,/Users/vitaliikarasov/Desktop/photo-ai-toolkit/photos/P1019395.JPG,photo,stock_strong,commercial,75,70,77,7,78,53,86,55,100,100,87,landscape,,Open foreground shadows and clarify the mountain.,,,color_cast: channel means 96/106/115,"Adjust exposure: +0.2 EV | Correct white balance: neutralise the cast, damped | Recover highlights and lift shadows: moderate | Add contrast: restrained S-curve | Straighten: rotate 5.2° anticlockwise | Do not apply aggressive sharpening: halos cost more than they buy",123RF; Adobe Stock; Alamy; Depositphotos; Dreamstime; Pond5; Shutterstock; Getty Images / iStock,,P1019395.JPG,1,True,24.0,0.0,camera_original,keep_in_place,,ok,
fdbb0848d64a11c8,P1019396.JPG,GOOD_PERSONAL,65,-2,/Users/vitaliikarasov/Desktop/photo-ai-toolkit/photos/P1019396.JPG,photo,review,editorial,69,75,79,4,78,65,44,70,55,100,92,portrait,,Lift face while preserving mountain and cloud detail.,,,mild_noise: sigma 3.1,Adjust exposure: +0.4 EV | Recover highlights and lift shadows: moderate | Straighten: rotate 3.8° anticlockwise | Apply luminance denoise: restrained | Do not apply aggressive sharpening: halos cost more than they buy,Alamy; 123RF; Adobe Stock; Depositphotos; Dreamstime; Pond5; Shutterstock; Getty Images / iStock,Model release required before commercial licensing,P1019396.JPG,1,True,24.0,0.0,camera_original,hold_for_review,,ok,
6ff3d6e2066ed3ba,P1019397.JPG,GOOD_PERSONAL,63,2,/Users/vitaliikarasov/Desktop/photo-ai-toolkit/photos/P1019397.JPG,photo,review,editorial,70,80,85,5,78,66,32,75,55,100,92,portrait,,"Crop decisively or emphasize the low, displaced portrait.",,,,"Adjust exposure: +0.2 EV | Correct white balance: neutralise the cast, damped | Recover highlights and lift shadows: moderate | Add contrast: restrained S-curve | Straighten: rotate 1.8° anticlockwise | Do not apply aggressive sharpening: halos cost more than they buy",Alamy; 123RF; Adobe Stock; Depositphotos; Dreamstime; Pond5; Shutterstock; Getty Images / iStock,Model release required before commercial licensing,P1019397.JPG,1,True,24.0,0.0,camera_original,hold_for_review,,ok,
d7d2f3431b0ee843,P1019399.JPG,GOOD_STOCK,71,-5,/Users/vitaliikarasov/Desktop/photo-ai-toolkit/photos/P1019399.JPG,photo,stock_standard,commercial,80,58,73,15,78,85,64,85,100,100,87,street,,Lift silhouette slightly; preserve the graphic crossing.,,,color_cast: channel means 80/87/104,"Adjust exposure: +0.4 EV | Correct white balance: neutralise the cast, damped | Recover highlights and lift shadows: moderate | Add contrast: restrained S-curve | Do not apply aggressive sharpening: halos cost more than they buy",123RF; Adobe Stock; Alamy; Depositphotos; Dreamstime; Pond5; Shutterstock; Getty Images / iStock,,P1019399.JPG,1,True,24.0,0.0,camera_original,keep_in_place,,ok,
0894da92a9dc580e,P1019400.JPG,WEAK,38,0,/Users/vitaliikarasov/Desktop/photo-ai-toolkit/photos/P1019400.JPG,photo,duplicate_candidate,editorial,42,41,55,14,78,52,18,52,55,3,92,portrait,,Crop vehicle aggressively and brighten the face.,,weaker_duplicate: a sharper frame exists in cluster P1019401.JPG (quality 17 points higher),underexposed: mean luma 59; mild_noise: sigma 3.8,"Adjust exposure: +1.0 EV | Correct white balance: neutralise the cast, damped | Recover highlights and lift shadows: moderate | Add contrast: restrained S-curve | Apply luminance denoise: restrained | Do not apply aggressive sharpening: halos cost more than they buy",Alamy; 123RF; Adobe Stock; Depositphotos; Dreamstime; Pond5; Shutterstock; Getty Images / iStock,Model release required before commercial licensing,P1019401.JPG,2,False,24.0,0.0,camera_original,compare_by_hand,,ok,
83ed13f01fcb16ab,P1019401.JPG,WEAK,38,0,/Users/vitaliikarasov/Desktop/photo-ai-toolkit/photos/P1019401.JPG,photo,review,editorial,53,59,70,11,78,41,27,42,55,80,92,portrait,,Reduce vehicle dominance and control background activity.,,,mild_noise: sigma 4.5,"Adjust exposure: +0.6 EV | Correct white balance: neutralise the cast, damped | Recover highlights and lift shadows: moderate | Add contrast: restrained S-curve | Straighten: rotate 0.8° clockwise | Apply luminance denoise: restrained | Do not apply aggressive sharpening: halos cost more than they buy",Alamy; 123RF; Adobe Stock; Depositphotos; Dreamstime; Pond5; Shutterstock; Getty Images / iStock,Model release required before commercial licensing,P1019401.JPG,2,True,24.0,0.0,camera_original,hold_for_review,,ok,
5ca42b3f798bb5a7,P1019402.JPG,GOOD_PERSONAL,63,-10,/Users/vitaliikarasov/Desktop/photo-ai-toolkit/photos/P1019402.JPG,photo,review,editorial,67,58,68,10,78,84,25,81,55,100,92,reportage,,Balance face exposure while retaining shrine context.,,,mild_noise: sigma 6.8,"Adjust exposure: +0.7 EV | Correct white balance: neutralise the cast, damped | Recover highlights and lift shadows: moderate | Crop: 16:9 crop -- keep 84% of the frame (x 0-512, y 53-341 of the working image) | Straighten: rotate 1.8° anticlockwise | Apply luminance denoise: restrained | Do not apply aggressive sharpening: halos cost more than they buy",Alamy; 123RF; Adobe Stock; Depositphotos; Dreamstime; Pond5; Shutterstock; Getty Images / iStock,Model release required before commercial licensing,P1019402.JPG,1,True,24.0,0.0,camera_original,hold_for_review,,ok,
2c18354a9f7bc862,P1019403.JPG,GOOD_PERSONAL,60,-12,/Users/vitaliikarasov/Desktop/photo-ai-toolkit/photos/P1019403.JPG,photo,review,editorial,66,59,69,10,78,77,30,74,55,100,92,portrait,,Open facial shadows and preserve architectural context,,,mild_noise: sigma 6.9,"Adjust exposure: +0.7 EV | Correct white balance: neutralise the cast, damped | Recover highlights and lift shadows: moderate | Crop: 16:9 crop -- keep 84% of the frame (x 0-512, y 53-341 of the working image) | Straighten: rotate 1.2° anticlockwise | Apply luminance denoise: restrained | Do not apply aggressive sharpening: halos cost more than they buy",Alamy; 123RF; Adobe Stock; Depositphotos; Dreamstime; Pond5; Shutterstock; Getty Images / iStock,Model release required before commercial licensing,P1019403.JPG,1,True,24.0,0.0,camera_original,hold_for_review,,ok,
b72e456e93b6c5ce,P1019404.JPG,GOOD_PERSONAL,62,-6,/Users/vitaliikarasov/Desktop/photo-ai-toolkit/photos/P1019404.JPG,photo,review,editorial,69,60,71,11,78,86,22,85,55,100,92,portrait,,Crop tighter around downward gesture and shrine,,,mild_noise: sigma 5.7,"Adjust exposure: +0.6 EV | Correct white balance: neutralise the cast, damped | Apply luminance denoise: restrained | Do not apply aggressive sharpening: halos cost more than they buy",Alamy; 123RF; Adobe Stock; Depositphotos; Dreamstime; Pond5; Shutterstock; Getty Images / iStock,Model release required before commercial licensing,P1019404.JPG,1,True,24.0,0.0,camera_original,hold_for_review,,ok,
72185a6a78a45508,P1019405.JPG,GOOD_STOCK,59,-11,/Users/vitaliikarasov/Desktop/photo-ai-toolkit/photos/P1019405.JPG,photo,stock_strong,commercial,78,80,83,3,78,56,82,61,100,100,92,landscape,,Add local contrast and trim foreground branches,,,,"Correct white balance: neutralise the cast, damped | Recover highlights and lift shadows: moderate | Add contrast: restrained S-curve | Straighten: rotate 4.2° anticlockwise | Do not apply aggressive sharpening: halos cost more than they buy",123RF; Adobe Stock; Alamy; Depositphotos; Dreamstime; Pond5; Shutterstock; Getty Images / iStock,,P1019405.JPG,1,True,24.0,0.0,camera_original,keep_in_place,,ok,
13e83009110f001f,P1019406.JPG,GOOD_STOCK,58,-10,/Users/vitaliikarasov/Desktop/photo-ai-toolkit/photos/P1019406.JPG,photo,stock_strong,commercial,72,79,81,2,78,45,76,49,100,100,92,landscape,,Increase city separation and crop tangled foreground,,,,"Correct white balance: neutralise the cast, damped | Recover highlights and lift shadows: moderate | Add contrast: restrained S-curve | Straighten: rotate 6.8° anticlockwise | Do not apply aggressive sharpening: halos cost more than they buy",123RF; Adobe Stock; Alamy; Depositphotos; Dreamstime; Pond5; Shutterstock; Getty Images / iStock,,P1019406.JPG,1,True,24.0,0.0,camera_original,keep_in_place,,ok,
ddee25b7e3d4825a,P1019407.JPG,GOOD_STOCK,65,-14,/Users/vitaliikarasov/Desktop/photo-ai-toolkit/photos/P1019407.JPG,photo,stock_strong,commercial,83,83,85,2,78,70,87,71,100,100,87,landscape,,Balance sky and city with selective contrast,,,color_cast: channel means 106/112/125,"Correct white balance: neutralise the cast, damped | Recover highlights and lift shadows: moderate | Add contrast: restrained S-curve | Straighten: rotate 3.2° anticlockwise | Do not apply aggressive sharpening: halos cost more than they buy",123RF; Adobe Stock; Alamy; Depositphotos; Dreamstime; Pond5; Shutterstock; Getty Images / iStock,,P1019407.JPG,1,True,24.0,0.0,camera_original,keep_in_place,,ok,
d3a2b0862d11d836,P1019408.JPG,GOOD_PERSONAL,63,1,/Users/vitaliikarasov/Desktop/photo-ai-toolkit/photos/P1019408.JPG,photo,review,editorial,65,72,74,2,78,61,38,66,55,100,92,portrait,,Lift face and retain layered mountain backdrop,,,,"Correct white balance: neutralise the cast, damped | Recover highlights and lift shadows: moderate | Add contrast: restrained S-curve | Do not apply aggressive sharpening: halos cost more than they buy",Alamy; 123RF; Adobe Stock; Depositphotos; Dreamstime; Pond5; Shutterstock; Getty Images / iStock,Model release required before commercial licensing,P1019408.JPG,1,True,24.0,0.0,camera_original,hold_for_review,,ok,
fa0223926ba818e1,P1019409.JPG,GOOD_PERSONAL,55,-2,/Users/vitaliikarasov/Desktop/photo-ai-toolkit/photos/P1019409.JPG,photo,review,editorial,64,73,75,2,78,58,33,66,55,100,92,portrait,,Brighten face and crop lower railing,,,,"Correct white balance: neutralise the cast, damped | Recover highlights and lift shadows: moderate | Add contrast: restrained S-curve | Straighten: rotate 3.2° clockwise | Do not apply aggressive sharpening: halos cost more than they buy",Alamy; 123RF; Adobe Stock; Depositphotos; Dreamstime; Pond5; Shutterstock; Getty Images / iStock,Model release required before commercial licensing,P1019409.JPG,1,True,24.0,0.0,camera_original,hold_for_review,,ok,
b612e6d26ec88c63,P1019410.JPG,GOOD_PERSONAL,52,-4,/Users/vitaliikarasov/Desktop/photo-ai-toolkit/photos/P1019410.JPG,photo,review,editorial,56,74,76,2,78,33,41,40,55,80,92,portrait,,Lift facial exposure and subtly sharpen background,,,,"Correct white balance: neutralise the cast, damped | Recover highlights and lift shadows: moderate | Add contrast: restrained S-curve | Straighten: rotate 1.2° clockwise | Do not apply aggressive sharpening: halos cost more than they buy",Alamy; 123RF; Adobe Stock; Depositphotos; Dreamstime; Pond5; Shutterstock; Getty Images / iStock,Model release required before commercial licensing,P1019411.JPG,2,False,24.0,0.0,camera_original,hold_for_review,,ok,
8a1b574ca54289de,P1019411.JPG,GOOD_PERSONAL,54,-3,/Users/vitaliikarasov/Desktop/photo-ai-toolkit/photos/P1019411.JPG,photo,stock_standard,editorial,57,74,76,2,78,33,45,40,55,80,92,portrait,,Open face shadows and trim bottom edge,,,,"Correct white balance: neutralise the cast, damped | Recover highlights and lift shadows: moderate | Add contrast: restrained S-curve | Do not apply aggressive sharpening: halos cost more than they buy",Alamy; 123RF; Adobe Stock; Depositphotos; Dreamstime; Pond5; Shutterstock; Getty Images / iStock,Model release required before commercial licensing,P1019411.JPG,2,True,24.0,0.0,camera_original,keep_in_place,,ok,
018b05ea094e42aa,P1019412.JPG,GOOD_PERSONAL,64,-12,/Users/vitaliikarasov/Desktop/photo-ai-toolkit/photos/P1019412.JPG,photo,stock_standard,editorial,72,74,78,4,78,74,47,74,55,100,92,portrait,,Preserve environmental width and lift the subject,,,,"Adjust exposure: +0.1 EV | Correct white balance: neutralise the cast, damped | Recover highlights and lift shadows: moderate | Add contrast: restrained S-curve | Straighten: rotate 3.8° clockwise | Do not apply aggressive sharpening: halos cost more than they buy",Alamy; 123RF; Adobe Stock; Depositphotos; Dreamstime; Pond5; Shutterstock; Getty Images / iStock,Model release required before commercial licensing,P1019412.JPG,1,True,24.0,0.0,camera_original,keep_in_place,,ok,
7692f5a3feea9706,P1019413.JPG,GOOD_PERSONAL,65,-2,/Users/vitaliikarasov/Desktop/photo-ai-toolkit/photos/P1019413.JPG,photo,review,editorial,73,80,82,2,78,80,30,85,55,100,92,portrait,,Crop lower clutter and apply restrained sharpening,,,,"Correct white balance: neutralise the cast, damped | Recover highlights and lift shadows: moderate | Add contrast: restrained S-curve | Straighten: rotate 1.8° clockwise | Do not apply aggressive sharpening: halos cost more than they buy",Alamy; 123RF; Adobe Stock; Depositphotos; Dreamstime; Pond5; Shutterstock; Getty Images / iStock,Model release required before commercial licensing,P1019413.JPG,1,True,24.0,0.0,camera_original,hold_for_review,,ok,
b2a0fed18722a70b,P1019414.JPG,GOOD_PERSONAL,64,-2,/Users/vitaliikarasov/Desktop/photo-ai-toolkit/photos/P1019414.JPG,photo,stock_standard,editorial,68,84,85,1,78,53,57,62,55,79,92,portrait,,Lift facial shadows and reduce background distraction,,,,"Correct white balance: neutralise the cast, damped | Recover highlights and lift shadows: moderate | Add contrast: restrained S-curve | Straighten: rotate 0.8° anticlockwise | Do not apply aggressive sharpening: halos cost more than they buy",Alamy; 123RF; Adobe Stock; Depositphotos; Dreamstime; Pond5; Shutterstock; Getty Images / iStock,Model release required before commercial licensing,P1019415.JPG,2,False,24.0,0.0,camera_original,keep_in_place,,ok,
67b0fe00b73a8da4,P1019415.JPG,GOOD_PERSONAL,62,-4,/Users/vitaliikarasov/Desktop/photo-ai-toolkit/photos/P1019415.JPG,photo,stock_standard,editorial,69,84,85,1,78,58,53,67,55,79,92,portrait,,Open shadows and crop minimally around railing,,,,"Correct white balance: neutralise the cast, damped | Recover highlights and lift shadows: moderate | Add contrast: restrained S-curve | Straighten: rotate 1.2° anticlockwise | Do not apply aggressive sharpening: halos cost more than they buy",Alamy; 123RF; Adobe Stock; Depositphotos; Dreamstime; Pond5; Shutterstock; Getty Images / iStock,Model release required before commercial licensing,P1019415.JPG,2,True,24.0,0.0,camera_original,keep_in_place,,ok,
632d6ef0b9fe01a9,P1019416.JPG,GOOD_PERSONAL,56,1,/Users/vitaliikarasov/Desktop/photo-ai-toolkit/photos/P1019416.JPG,photo,review,editorial,61,87,88,1,78,32,34,43,55,100,92,portrait,,Crop tighter and sharpen face conservatively,,,,"Correct white balance: neutralise the cast, damped | Recover highlights and lift shadows: moderate | Add contrast: restrained S-curve | Straighten: rotate 0.8° anticlockwise | Do not apply aggressive sharpening: halos cost more than they buy",Alamy; 123RF; Adobe Stock; Depositphotos; Dreamstime; Pond5; Shutterstock; Getty Images / iStock,Model release required before commercial licensing,P1019416.JPG,1,True,24.0,0.0,camera_original,hold_for_review,,ok,
d8a826c3608e7af4,P1019417.JPG,WEAK,32,-6,/Users/vitaliikarasov/Desktop/photo-ai-toolkit/photos/P1019417.JPG,photo,review,editorial,56,84,85,1,78,29,28,39,55,80,92,portrait,,Try a tight crop emphasizing the fleeting expression,,,,"Correct white balance: neutralise the cast, damped | Recover highlights and lift shadows: moderate | Add contrast: restrained S-curve | Straighten: rotate 2.2° anticlockwise | Do not apply aggressive sharpening: halos cost more than they buy",Alamy; 123RF; Adobe Stock; Depositphotos; Dreamstime; Pond5; Shutterstock; Getty Images / iStock,Model release required before commercial licensing,P1019417.JPG,2,True,24.0,0.0,camera_original,hold_for_review,,ok,
0395d3dd7ec1faed,P1019418.JPG,GOOD_PERSONAL,57,1,/Users/vitaliikarasov/Desktop/photo-ai-toolkit/photos/P1019418.JPG,photo,review,editorial,58,82,83,1,78,31,40,41,55,80,92,portrait,,Lift subject and crop some empty foreground,,,,"Correct white balance: neutralise the cast, damped | Recover highlights and lift shadows: moderate | Add contrast: restrained S-curve | Straighten: rotate 1.8° anticlockwise | Do not apply aggressive sharpening: halos cost more than they buy",Alamy; 123RF; Adobe Stock; Depositphotos; Dreamstime; Pond5; Shutterstock; Getty Images / iStock,Model release required before commercial licensing,P1019417.JPG,2,False,24.0,0.0,camera_original,hold_for_review,,ok,
5ba7122b76d5fc3a,P1019419.JPG,GOOD_PERSONAL,67,-5,/Users/vitaliikarasov/Desktop/photo-ai-toolkit/photos/P1019419.JPG,photo,stock_standard,editorial,72,79,81,2,78,70,54,76,55,80,92,portrait,,Lift face while preserving moody directional gaze,,,,"Correct white balance: neutralise the cast, damped | Recover highlights and lift shadows: moderate | Add contrast: restrained S-curve | Straighten: rotate 2.8° anticlockwise | Do not apply aggressive sharpening: halos cost more than they buy",Alamy; 123RF; Adobe Stock; Depositphotos; Dreamstime; Pond5; Shutterstock; Getty Images / iStock,Model release required before commercial licensing,P1019420.JPG,2,False,24.0,0.0,camera_original,keep_in_place,,ok,
1c03e13cf02d9301,P1019420.JPG,GOOD_PERSONAL,67,-3,/Users/vitaliikarasov/Desktop/photo-ai-toolkit/photos/P1019420.JPG,photo,stock_standard,editorial,69,79,80,1,78,64,54,69,55,80,92,portrait,,Open shadows and retain strong environmental framing,,,,"Correct white balance: neutralise the cast, damped | Recover highlights and lift shadows: moderate | Add contrast: restrained S-curve | Do not apply aggressive sharpening: halos cost more than they buy",Alamy; 123RF; Adobe Stock; Depositphotos; Dreamstime; Pond5; Shutterstock; Getty Images / iStock,Model release required before commercial licensing,P1019420.JPG,2,True,24.0,0.0,camera_original,keep_in_place,,ok,
a559942221c64cbc,P1019421.JPG,GOOD_STOCK,61,-14,/Users/vitaliikarasov/Desktop/photo-ai-toolkit/photos/P1019421.JPG,photo,stock_strong,commercial,74,85,87,2,78,43,82,46,100,100,92,architecture,,Crop deliberately below severed finial and correct perspective,,,mild_noise: sigma 5.4,"Adjust exposure: +0.3 EV | Correct white balance: neutralise the cast, damped | Recover highlights and lift shadows: moderate | Add contrast: restrained S-curve | Apply luminance denoise: restrained | Do not apply aggressive sharpening: halos cost more than they buy",123RF; Adobe Stock; Alamy; Depositphotos; Dreamstime; Pond5; Shutterstock; Getty Images / iStock,,P1019421.JPG,1,True,24.0,0.0,camera_original,keep_in_place,,ok,
a435800a4a2672fe,P1019422.JPG,GOOD_STOCK,61,-18,/Users/vitaliikarasov/Desktop/photo-ai-toolkit/photos/P1019422.JPG,photo,stock_strong,commercial,76,86,88,2,78,44,90,45,100,100,92,architecture,,Correct perspective and deepen architectural reds,,,mild_noise: sigma 3.4,"Adjust exposure: +0.2 EV | Correct white balance: neutralise the cast, damped | Recover highlights and lift shadows: moderate | Add contrast: restrained S-curve | Straighten: rotate 7.2° clockwise | Apply luminance denoise: restrained | Do not apply aggressive sharpening: halos cost more than they buy",123RF; Adobe Stock; Alamy; Depositphotos; Dreamstime; Pond5; Shutterstock; Getty Images / iStock,,P1019422.JPG,1,True,24.0,0.0,camera_original,keep_in_place,,ok,
6dcf9038bdaafff8,P1019423.JPG,GOOD_STOCK,64,-15,/Users/vitaliikarasov/Desktop/photo-ai-toolkit/photos/P1019423.JPG,photo,stock_strong,commercial,78,92,92,0,78,44,94,45,100,100,92,architecture,,Trim bottom distractions and correct verticals,,,mild_noise: sigma 3.6,"Correct white balance: neutralise the cast, damped | Recover highlights and lift shadows: moderate | Add contrast: restrained S-curve | Straighten: rotate 5.8° clockwise | Apply luminance denoise: restrained | Do not apply aggressive sharpening: halos cost more than they buy",123RF; Adobe Stock; Alamy; Depositphotos; Dreamstime; Pond5; Shutterstock; Getty Images / iStock,,P1019423.JPG,1,True,24.0,0.0,camera_original,keep_in_place,,ok,
e814783424a02ca2,P1019424.JPG,GOOD_STOCK,65,-14,/Users/vitaliikarasov/Desktop/photo-ai-toolkit/photos/P1019424.JPG,photo,stock_strong,commercial,79,90,90,0,78,52,88,54,100,100,92,architecture,,Retain sky space and refine vertical perspective,,,,"Correct white balance: neutralise the cast, damped | Recover highlights and lift shadows: moderate | Add contrast: restrained S-curve | Straighten: rotate 2.8° anticlockwise | Do not apply aggressive sharpening: halos cost more than they buy",123RF; Adobe Stock; Alamy; Depositphotos; Dreamstime; Pond5; Shutterstock; Getty Images / iStock,,P1019424.JPG,1,True,24.0,0.0,camera_original,keep_in_place,,ok,
9ec9c9b9a2d35a78,P1019425.JPG,GOOD_PERSONAL,61,-3,/Users/vitaliikarasov/Desktop/photo-ai-toolkit/photos/P1019425.JPG,photo,review,editorial,69,77,81,4,67,68,29,74,55,100,87,portrait,,Crop tighter while retaining pagoda context,,heavy_noise: sigma 14.0,color_cast: channel means 119/99/91,"Adjust exposure: +0.2 EV | Correct white balance: neutralise the cast, damped | Recover highlights and lift shadows: moderate | Add contrast: restrained S-curve | Straighten: rotate 1.8° anticlockwise | Apply luminance denoise: restrained | Do not apply aggressive sharpening: halos cost more than they buy",Alamy; 123RF; Adobe Stock; Depositphotos; Dreamstime; Pond5; Shutterstock; Getty Images / iStock,Model release required before commercial licensing,P1019425.JPG,1,True,24.0,0.0,camera_original,hold_for_review,,ok,
6ef9a5fbecf90fed,P1019426.JPG,GOOD_PERSONAL,66,-5,/Users/vitaliikarasov/Desktop/photo-ai-toolkit/photos/P1019426.JPG,photo,review,editorial,74,80,82,2,67,79,40,83,55,100,87,portrait,,Emphasize exchanged glance and reduce fence dominance,,heavy_noise: sigma 11.0,color_cast: channel means 126/100/95,"Correct white balance: neutralise the cast, damped | Recover highlights and lift shadows: moderate | Add contrast: restrained S-curve | Straighten: rotate 2.2° anticlockwise | Apply luminance denoise: restrained | Do not apply aggressive sharpening: halos cost more than they buy",Alamy; 123RF; Adobe Stock; Depositphotos; Dreamstime; Pond5; Shutterstock; Getty Images / iStock,Model release required before commercial licensing,P1019426.JPG,1,True,24.0,0.0,camera_original,hold_for_review,,ok,
4da8434afa3203cc,P1019427.JPG,GOOD_PERSONAL,54,-16,/Users/vitaliikarasov/Desktop/photo-ai-toolkit/photos/P1019427.JPG,photo,review,editorial,69,82,85,3,67,61,38,66,55,100,87,portrait,,Crop side clutter and lift faces,,heavy_noise: sigma 13.5,color_cast: channel means 114/99/95,"Adjust exposure: +0.2 EV | Correct white balance: neutralise the cast, damped | Straighten: rotate 1.8° anticlockwise | Apply luminance denoise: restrained | Do not apply aggressive sharpening: halos cost more than they buy",Alamy; 123RF; Adobe Stock; Depositphotos; Dreamstime; Pond5; Shutterstock; Getty Images / iStock,Model release required before commercial licensing,P1019427.JPG,1,True,24.0,0.0,camera_original,hold_for_review,,ok,
682010aa41dbb0e9,P1019428.JPG,GOOD_PERSONAL,54,-18,/Users/vitaliikarasov/Desktop/photo-ai-toolkit/photos/P1019428.JPG,photo,review,editorial,71,79,82,3,67,72,37,75,55,100,87,portrait,,Tighten sides and balance people against pagoda,,heavy_noise: sigma 13.7,color_cast: channel means 114/97/93,"Adjust exposure: +0.2 EV | Correct white balance: neutralise the cast, damped | Recover highlights and lift shadows: moderate | Add contrast: restrained S-curve | Straighten: rotate 3.2° clockwise | Apply luminance denoise: restrained | Do not apply aggressive sharpening: halos cost more than they buy",Alamy; 123RF; Adobe Stock; Depositphotos; Dreamstime; Pond5; Shutterstock; Getty Images / iStock,Model release required before commercial licensing,P1019428.JPG,1,True,24.0,0.0,camera_original,hold_for_review,,ok,
3dd304d8e1753fe2,P1019429.JPG,GOOD_PERSONAL,61,-12,/Users/vitaliikarasov/Desktop/photo-ai-toolkit/photos/P1019429.JPG,photo,review,editorial,75,77,81,4,67,83,42,87,55,100,87,portrait,,Crop slightly tighter and emphasize affectionate gesture,,heavy_noise: sigma 13.8,color_cast: channel means 118/99/90,"Adjust exposure: +0.2 EV | Correct white balance: neutralise the cast, damped | Recover highlights and lift shadows: moderate | Add contrast: restrained S-curve | Straighten: rotate 1.8° clockwise | Apply luminance denoise: restrained | Do not apply aggressive sharpening: halos cost more than they buy",Alamy; 123RF; Adobe Stock; Depositphotos; Dreamstime; Pond5; Shutterstock; Getty Images / iStock,Model release required before commercial licensing,P1019429.JPG,1,True,24.0,0.0,camera_original,hold_for_review,,ok,
3faaa3c5e0c9959a,P1019430.JPG,GOOD_PERSONAL,65,-14,/Users/vitaliikarasov/Desktop/photo-ai-toolkit/photos/P1019430.JPG,photo,stock_standard,editorial,82,87,89,2,67,85,62,86,55,100,92,portrait,,Trim edges while retaining the complete pagoda,,heavy_noise: sigma 11.4,,"Correct white balance: neutralise the cast, damped | Recover highlights and lift shadows: moderate | Add contrast: restrained S-curve | Apply luminance denoise: restrained | Do not apply aggressive sharpening: halos cost more than they buy",Alamy; 123RF; Adobe Stock; Depositphotos; Dreamstime; Pond5; Shutterstock; Getty Images / iStock,Model release required before commercial licensing,P1019430.JPG,1,True,24.0,0.0,camera_original,keep_in_place,,ok,
8252db6d49336ee3,P1019431.JPG,GOOD_PERSONAL,64,-15,/Users/vitaliikarasov/Desktop/photo-ai-toolkit/photos/P1019431.JPG,photo,stock_standard,editorial,81,90,92,2,78,82,66,83,55,80,92,portrait,,Keep vertical space and clean distracting edge details,,,mild_noise: sigma 7.9,"Correct white balance: neutralise the cast, damped | Recover highlights and lift shadows: moderate | Add contrast: restrained S-curve | Apply luminance denoise: restrained | Do not apply aggressive sharpening: halos cost more than they buy",Alamy; 123RF; Adobe Stock; Depositphotos; Dreamstime; Pond5; Shutterstock; Getty Images / iStock,Model release required before commercial licensing,P1019432.JPG,2,False,24.0,0.0,camera_original,keep_in_place,,ok,
f4dcbd3f56595753,P1019432.JPG,GOOD_PERSONAL,62,-17,/Users/vitaliikarasov/Desktop/photo-ai-toolkit/photos/P1019432.JPG,photo,stock_standard,editorial,76,90,92,2,78,68,60,71,55,80,92,portrait,,Crop lower edge slightly and center architectural emphasis,,,mild_noise: sigma 7.2,"Correct white balance: neutralise the cast, damped | Recover highlights and lift shadows: moderate | Add contrast: restrained S-curve | Straighten: rotate 1.8° anticlockwise | Apply luminance denoise: restrained | Do not apply aggressive sharpening: halos cost more than they buy",Alamy; 123RF; Adobe Stock; Depositphotos; Dreamstime; Pond5; Shutterstock; Getty Images / iStock,Model release required before commercial licensing,P1019432.JPG,2,True,24.0,0.0,camera_original,keep_in_place,,ok,
300d1b34fc44cf0b,P1019433.JPG,GOOD_PERSONAL,60,-5,/Users/vitaliikarasov/Desktop/photo-ai-toolkit/photos/P1019433.JPG,photo,review,editorial,70,70,77,7,78,78,29,84,55,100,87,portrait,,Crop tighter and emphasize the couple's physical connection,,,color_cast: channel means 111/84/81; mild_noise: sigma 7.6,"Adjust exposure: +0.4 EV | Correct white balance: neutralise the cast, damped | Recover highlights and lift shadows: moderate | Add contrast: restrained S-curve | Straighten: rotate 2.2° anticlockwise | Apply luminance denoise: restrained | Do not apply aggressive sharpening: halos cost more than they buy",Alamy; 123RF; Adobe Stock; Depositphotos; Dreamstime; Pond5; Shutterstock; Getty Images / iStock,Model release required before commercial licensing,P1019433.JPG,1,True,24.0,0.0,camera_original,hold_for_review,,ok,
fa877164d17b6caf,P1019434.JPG,GOOD_PERSONAL,50,-4,/Users/vitaliikarasov/Desktop/photo-ai-toolkit/photos/P1019434.JPG,photo,review,editorial,59,73,79,6,67,40,26,48,55,100,87,portrait,,Tighten substantially around subject and graphic red facade,,heavy_noise: sigma 8.6,color_cast: channel means 117/89/86,"Adjust exposure: +0.3 EV | Correct white balance: neutralise the cast, damped | Recover highlights and lift shadows: moderate | Add contrast: restrained S-curve | Apply luminance denoise: restrained | Do not apply aggressive sharpening: halos cost more than they buy",Alamy; 123RF; Adobe Stock; Depositphotos; Dreamstime; Pond5; Shutterstock; Getty Images / iStock,Model release required before commercial licensing,P1019434.JPG,1,True,24.0,0.0,camera_original,hold_for_review,,ok,
06601a6c4b3180ba,P1019435.JPG,GOOD_PERSONAL,57,-14,/Users/vitaliikarasov/Desktop/photo-ai-toolkit/photos/P1019435.JPG,photo,stock_standard,editorial,66,82,84,2,78,47,50,50,55,100,92,portrait,,Reduce excess foreground while preserving vertical scale,,,mild_noise: sigma 7.3,"Correct white balance: neutralise the cast, damped | Recover highlights and lift shadows: moderate | Add contrast: restrained S-curve | Apply luminance denoise: restrained | Do not apply aggressive sharpening: halos cost more than they buy",Alamy; 123RF; Adobe Stock; Depositphotos; Dreamstime; Pond5; Shutterstock; Getty Images / iStock,Model release required before commercial licensing,P1019435.JPG,1,True,24.0,0.0,camera_original,keep_in_place,,ok,
7aaed034ec5fdcd3,P1019436.JPG,GOOD_PERSONAL,58,-18,/Users/vitaliikarasov/Desktop/photo-ai-toolkit/photos/P1019436.JPG,photo,stock_standard,editorial,69,84,85,1,78,58,46,59,55,100,92,portrait,,Crop some paving and retain full pagoda silhouette,,,mild_noise: sigma 6.8,"Correct white balance: neutralise the cast, damped | Recover highlights and lift shadows: moderate | Add contrast: restrained S-curve | Straighten: rotate 2.2° anticlockwise | Apply luminance denoise: restrained | Do not apply aggressive sharpening: halos cost more than they buy",Alamy; 123RF; Adobe Stock; Depositphotos; Dreamstime; Pond5; Shutterstock; Getty Images / iStock,Model release required before commercial licensing,P1019436.JPG,1,True,24.0,0.0,camera_original,keep_in_place,,ok,
aafff41e575b7214,P1019437.JPG,GOOD_PERSONAL,61,-17,/Users/vitaliikarasov/Desktop/photo-ai-toolkit/photos/P1019437.JPG,photo,stock_standard,editorial,70,84,85,1,78,61,48,61,55,100,92,portrait,,Use vivid shoes as the portrait's visual counterpoint,,,mild_noise: sigma 7.1,"Correct white balance: neutralise the cast, damped | Recover highlights and lift shadows: moderate | Add contrast: restrained S-curve | Straighten: rotate 1.8° clockwise | Apply luminance denoise: restrained | Do not apply aggressive sharpening: halos cost more than they buy",Alamy; 123RF; Adobe Stock; Depositphotos; Dreamstime; Pond5; Shutterstock; Getty Images / iStock,Model release required before commercial licensing,P1019437.JPG,1,True,24.0,0.0,camera_original,keep_in_place,,ok,
ba5a7e46ce2fa108,P1019438.JPG,GOOD_PERSONAL,61,-10,/Users/vitaliikarasov/Desktop/photo-ai-toolkit/photos/P1019438.JPG,photo,review,editorial,68,83,85,2,78,56,40,59,55,100,92,portrait,,Crop away red edge intrusion and excess paving,,,mild_noise: sigma 7.3,"Correct white balance: neutralise the cast, damped | Recover highlights and lift shadows: moderate | Add contrast: restrained S-curve | Straighten: rotate 2.2° clockwise | Apply luminance denoise: restrained | Do not apply aggressive sharpening: halos cost more than they buy",Alamy; 123RF; Adobe Stock; Depositphotos; Dreamstime; Pond5; Shutterstock; Getty Images / iStock,Model release required before commercial licensing,P1019438.JPG,1,True,24.0,0.0,camera_original,hold_for_review,,ok,
a1f38c8901755505,P1019439.JPG,GOOD_PERSONAL,57,-14,/Users/vitaliikarasov/Desktop/photo-ai-toolkit/photos/P1019439.JPG,photo,review,editorial,72,83,85,2,78,71,36,75,55,100,87,portrait,,Correct verticals and brighten face selectively,,,color_cast: channel means 133/104/99; mild_noise: sigma 7.2,"Correct white balance: neutralise the cast, damped | Recover highlights and lift shadows: moderate | Add contrast: restrained S-curve | Straighten: rotate 1.8° clockwise | Apply luminance denoise: restrained | Do not apply aggressive sharpening: halos cost more than they buy",Alamy; 123RF; Adobe Stock; Depositphotos; Dreamstime; Pond5; Shutterstock; Getty Images / iStock,Model release required before commercial licensing,P1019439.JPG,1,True,24.0,0.0,camera_original,hold_for_review,,ok,
779f243a8e6ff1e3,P1019440.JPG,GOOD_PERSONAL,58,-10,/Users/vitaliikarasov/Desktop/photo-ai-toolkit/photos/P1019440.JPG,photo,review,editorial,72,82,84,2,67,72,33,78,55,100,87,portrait,,Tighten crop and reduce distracting background detail,,heavy_noise: sigma 8.6,color_cast: channel means 134/103/99,"Correct white balance: neutralise the cast, damped | Recover highlights and lift shadows: moderate | Add contrast: restrained S-curve | Straighten: rotate 2.2° clockwise | Apply luminance denoise: restrained | Do not apply aggressive sharpening: halos cost more than they buy",Alamy; 123RF; Adobe Stock; Depositphotos; Dreamstime; Pond5; Shutterstock; Getty Images / iStock,Model release required before commercial licensing,P1019440.JPG,1,True,24.0,0.0,camera_original,hold_for_review,,ok,
05d4ba9e3385ebf2,P1019441.JPG,GOOD_PERSONAL,60,-17,/Users/vitaliikarasov/Desktop/photo-ai-toolkit/photos/P1019441.JPG,photo,stock_standard,editorial,69,83,84,1,78,54,55,55,55,100,92,portrait,,Increase local contrast and preserve architectural scale,,,mild_noise: sigma 6.8,"Correct white balance: neutralise the cast, damped | Recover highlights and lift shadows: moderate | Add contrast: restrained S-curve | Straighten: rotate 0.8° anticlockwise | Apply luminance denoise: restrained | Do not apply aggressive sharpening: halos cost more than they buy",Alamy; 123RF; Adobe Stock; Depositphotos; Dreamstime; Pond5; Shutterstock; Getty Images / iStock,Model release required before commercial licensing,P1019441.JPG,1,True,24.0,0.0,camera_original,keep_in_place,,ok,
e962b406400fb280,P1019442.JPG,GOOD_STOCK,70,-9,/Users/vitaliikarasov/Desktop/photo-ai-toolkit/photos/P1019442.JPG,photo,stock_strong,commercial,81,93,93,0,78,52,94,53,100,100,92,architecture,,Lift pagoda shadows and add restrained sky contrast,,,mild_noise: sigma 5.6,"Correct white balance: neutralise the cast, damped | Straighten: rotate 0.8° clockwise | Apply luminance denoise: restrained | Do not apply aggressive sharpening: halos cost more than they buy",123RF; Adobe Stock; Alamy; Depositphotos; Dreamstime; Pond5; Shutterstock; Getty Images / iStock,,P1019442.JPG,1,True,24.0,0.0,camera_original,keep_in_place,,ok,
05bc106760425b58,P1019443.JPG,GOOD_PERSONAL,58,-9,/Users/vitaliikarasov/Desktop/photo-ai-toolkit/photos/P1019443.JPG,photo,review,editorial,69,86,91,5,78,60,29,66,55,100,92,architecture,,Crop decisively around lower architecture and remove partial figure,,,mild_noise: sigma 6.7,"Adjust exposure: +0.2 EV | Correct white balance: neutralise the cast, damped | Straighten: rotate 3.2° anticlockwise | Apply luminance denoise: restrained | Do not apply aggressive sharpening: halos cost more than they buy",Alamy; 123RF; Adobe Stock; Depositphotos; Dreamstime; Pond5; Shutterstock; Getty Images / iStock,Model release required before commercial licensing,P1019443.JPG,1,True,24.0,0.0,camera_original,hold_for_review,,ok,
3795fae395b55289,P1019444.JPG,GOOD_PERSONAL,66,-7,/Users/vitaliikarasov/Desktop/photo-ai-toolkit/photos/P1019444.JPG,photo,review,editorial,75,77,86,9,67,83,31,86,55,100,92,portrait,,Lift face and exploit layered autumn framing,,heavy_noise: sigma 11.0,,"Adjust exposure: +0.5 EV | Correct white balance: neutralise the cast, damped | Straighten: rotate 5.8° clockwise | Apply luminance denoise: restrained | Do not apply aggressive sharpening: halos cost more than they buy",Alamy; 123RF; Adobe Stock; Depositphotos; Dreamstime; Pond5; Shutterstock; Getty Images / iStock,Model release required before commercial licensing,P1019444.JPG,1,True,24.0,0.0,camera_original,hold_for_review,,ok,
7dc164697045b2f4,P1019445.JPG,GOOD_PERSONAL,56,-5,/Users/vitaliikarasov/Desktop/photo-ai-toolkit/photos/P1019445.JPG,photo,review,editorial,62,75,82,7,67,39,42,45,55,100,92,portrait,,Brighten subject and crop excess branches cautiously,,heavy_noise: sigma 10.8,,"Adjust exposure: +0.5 EV | Correct white balance: neutralise the cast, damped | Recover highlights and lift shadows: moderate | Crop: 16:9 crop -- keep 84% of the frame (x 0-512, y 0-288 of the working image) | Apply luminance denoise: restrained | Do not apply aggressive sharpening: halos cost more than they buy",Alamy; 123RF; Adobe Stock; Depositphotos; Dreamstime; Pond5; Shutterstock; Getty Images / iStock,Model release required before commercial licensing,P1019445.JPG,1,True,24.0,0.0,camera_original,hold_for_review,,ok,
be9611bd019b6b19,P1019446.JPG,GOOD_STOCK,62,-17,/Users/vitaliikarasov/Desktop/photo-ai-toolkit/photos/P1019446.JPG,photo,stock_strong,commercial,77,86,90,4,67,44,88,45,100,100,92,architecture,,Open shadows and emphasize pagoda through branch structure,,heavy_noise: sigma 12.2,,"Adjust exposure: +0.3 EV | Correct white balance: neutralise the cast, damped | Recover highlights and lift shadows: moderate | Crop: 16:9 crop -- keep 84% of the frame (x 0-512, y 0-288 of the working image) | Apply luminance denoise: restrained | Do not apply aggressive sharpening: halos cost more than they buy",123RF; Adobe Stock; Alamy; Depositphotos; Dreamstime; Pond5; Shutterstock; Getty Images / iStock,,P1019446.JPG,1,True,24.0,0.0,camera_original,keep_in_place,,ok,
38cd57263dae480e,P1019447.JPG,GOOD_STOCK,64,-15,/Users/vitaliikarasov/Desktop/photo-ai-toolkit/photos/P1019447.JPG,photo,stock_strong,commercial,78,89,94,5,56,48,95,48,100,71,87,architecture,,Balance autumn colour and recover rendered highlights gently,,some_clipped_highlights: 3.4%; heavy_noise: sigma 14.5,,"Correct white balance: neutralise the cast, damped | Straighten: rotate 2.2° clockwise | Apply luminance denoise: restrained | Do not apply aggressive sharpening: halos cost more than they buy",123RF; Adobe Stock; Alamy; Depositphotos; Dreamstime; Pond5; Shutterstock; Getty Images / iStock,,P1019447.JPG,3,True,24.0,0.0,camera_original,keep_in_place,,ok,
2375313939157827,P1019448.JPG,GOOD_PERSONAL,63,-7,/Users/vitaliikarasov/Desktop/photo-ai-toolkit/photos/P1019448.JPG,photo,review,editorial,72,86,91,5,67,64,38,70,55,100,92,architecture,,Crop tighter if retaining the foreground visitor,,heavy_noise: sigma 11.9,,"Adjust exposure: +0.3 EV | Correct white balance: neutralise the cast, damped | Straighten: rotate 4.2° clockwise | Apply luminance denoise: restrained | Do not apply aggressive sharpening: halos cost more than they buy",Alamy; 123RF; Adobe Stock; Depositphotos; Dreamstime; Pond5; Shutterstock; Getty Images / iStock,Model release required before commercial licensing,P1019448.JPG,1,True,24.0,0.0,camera_original,hold_for_review,,ok,
29c7bfc70fb37ec1,P1019449.JPG,GOOD_PERSONAL,63,-4,/Users/vitaliikarasov/Desktop/photo-ai-toolkit/photos/P1019449.JPG,photo,review,editorial,67,87,92,5,67,56,36,63,55,71,92,architecture,,Open foreground shadows and crop around visitor decisively,,heavy_noise: sigma 11.8,,"Adjust exposure: +0.3 EV | Correct white balance: neutralise the cast, damped | Apply luminance denoise: restrained | Do not apply aggressive sharpening: halos cost more than they buy",Alamy; 123RF; Adobe Stock; Depositphotos; Dreamstime; Pond5; Shutterstock; Getty Images / iStock,Model release required before commercial licensing,P1019447.JPG,3,False,24.0,0.0,camera_original,hold_for_review,,ok,
baf011bc2d399066,P1019450.JPG,GOOD_PERSONAL,60,-3,/Users/vitaliikarasov/Desktop/photo-ai-toolkit/photos/P1019450.JPG,photo,review,editorial,62,87,92,5,67,43,33,51,55,71,92,architecture,,Choose a tighter crop separating visitor from tree,,heavy_noise: sigma 12.1,,"Adjust exposure: +0.3 EV | Correct white balance: neutralise the cast, damped | Apply luminance denoise: restrained | Do not apply aggressive sharpening: halos cost more than they buy",Alamy; 123RF; Adobe Stock; Depositphotos; Dreamstime; Pond5; Shutterstock; Getty Images / iStock,Model release required before commercial licensing,P1019447.JPG,3,False,24.0,0.0,camera_original,hold_for_review,,ok,
b06244858a29957e,P1019451.JPG,GOOD_PERSONAL,65,-10,/Users/vitaliikarasov/Desktop/photo-ai-toolkit/photos/P1019451.JPG,photo,stock_standard,editorial,74,77,83,6,67,76,46,79,55,100,87,portrait,,Crop stone edge slightly and brighten the standing subject,,heavy_noise: sigma 10.4,color_cast: channel means 107/91/83,"Adjust exposure: +0.3 EV | Correct white balance: neutralise the cast, damped | Apply luminance denoise: restrained | Do not apply aggressive sharpening: halos cost more than they buy",Alamy; 123RF; Adobe Stock; Depositphotos; Dreamstime; Pond5; Shutterstock; Getty Images / iStock,Model release required before commercial licensing,P1019451.JPG,1,True,24.0,0.0,camera_original,keep_in_place,,ok,
1ae9ec0fea5b83f0,P1019452.JPG,GOOD_PERSONAL,59,-16,/Users/vitaliikarasov/Desktop/photo-ai-toolkit/photos/P1019452.JPG,photo,stock_standard,editorial,73,75,81,6,67,71,50,73,55,100,87,portrait,,Reduce empty foreground while preserving environmental context,,heavy_noise: sigma 10.7,color_cast: channel means 107/90/81,"Adjust exposure: +0.3 EV | Correct white balance: neutralise the cast, damped | Apply luminance denoise: restrained | Do not apply aggressive sharpening: halos cost more than they buy",Alamy; 123RF; Adobe Stock; Depositphotos; Dreamstime; Pond5; Shutterstock; Getty Images / iStock,Model release required before commercial licensing,P1019452.JPG,1,True,24.0,0.0,camera_original,keep_in_place,,ok,
db5c644a7cbcef7e,P1019453.JPG,GOOD_PERSONAL,56,-2,/Users/vitaliikarasov/Desktop/photo-ai-toolkit/photos/P1019453.JPG,photo,review,editorial,60,76,82,6,67,32,43,40,55,100,87,portrait,,"Crop closer around subject, foliage, and pagoda",,heavy_noise: sigma 10.7,color_cast: channel means 110/93/83,"Adjust exposure: +0.3 EV | Correct white balance: neutralise the cast, damped | Apply luminance denoise: restrained | Do not apply aggressive sharpening: halos cost more than they buy",Alamy; 123RF; Adobe Stock; Depositphotos; Dreamstime; Pond5; Shutterstock; Getty Images / iStock,Model release required before commercial licensing,P1019453.JPG,1,True,24.0,0.0,camera_original,hold_for_review,,ok,
50a7e99ede8bccd0,P1019454.JPG,GOOD_PERSONAL,67,-2,/Users/vitaliikarasov/Desktop/photo-ai-toolkit/photos/P1019454.JPG,photo,review,editorial,74,81,87,6,67,78,29,85,55,100,87,reportage,,Lift face and hands; retain phone-focused gesture,,heavy_noise: sigma 9.5,color_cast: channel means 108/92/85,"Adjust exposure: +0.3 EV | Correct white balance: neutralise the cast, damped | Straighten: rotate 2.2° clockwise | Apply luminance denoise: restrained | Do not apply aggressive sharpening: halos cost more than they buy",Alamy; 123RF; Adobe Stock; Depositphotos; Dreamstime; Pond5; Shutterstock; Getty Images / iStock,Model release required before commercial licensing,P1019454.JPG,1,True,24.0,0.0,camera_original,hold_for_review,,ok,
acdf1061e9128d70,P1019455.JPG,GOOD_STOCK,61,-5,/Users/vitaliikarasov/Desktop/photo-ai-toolkit/photos/P1019455.JPG,photo,stock_strong,commercial,67,70,79,9,78,35,68,37,100,100,92,architecture,,Crop left intrusion and open the pagoda shadows,,,mild_noise: sigma 7.3,"Adjust exposure: +0.6 EV | Correct white balance: neutralise the cast, damped | Recover highlights and lift shadows: moderate | Crop: 16:9 crop -- keep 84% of the frame (x 0-512, y 0-288 of the working image) | Straighten: rotate 1.8° anticlockwise | Apply luminance denoise: restrained | Do not apply aggressive sharpening: halos cost more than they buy",123RF; Adobe Stock; Alamy; Depositphotos; Dreamstime; Pond5; Shutterstock; Getty Images / iStock,,P1019455.JPG,1,True,24.0,0.0,camera_original,keep_in_place,,ok,
55b8eb3c8ccb9e64,P1019456.JPG,GOOD_STOCK,61,-8,/Users/vitaliikarasov/Desktop/photo-ai-toolkit/photos/P1019456.JPG,photo,stock_strong,commercial,69,74,81,7,67,33,79,36,100,100,87,architecture,,Crop stone edge and enhance autumn foliage separation,,heavy_noise: sigma 10.4,color_cast: channel means 102/85/77,"Adjust exposure: +0.4 EV | Correct white balance: neutralise the cast, damped | Straighten: rotate 1.8° clockwise | Apply luminance denoise: restrained | Do not apply aggressive sharpening: halos cost more than they buy",123RF; Adobe Stock; Alamy; Depositphotos; Dreamstime; Pond5; Shutterstock; Getty Images / iStock,,P1019456.JPG,1,True,24.0,0.0,camera_original,keep_in_place,,ok,
7b51d477f9238d99,P1019457.JPG,GOOD_STOCK,58,-4,/Users/vitaliikarasov/Desktop/photo-ai-toolkit/photos/P1019457.JPG,photo,stock_strong,commercial,67,78,85,7,67,28,70,35,100,100,87,architecture,,Open pagoda shadows and refine foreground tree contrast.,,heavy_noise: sigma 11.6,color_cast: channel means 103/88/82,"Adjust exposure: +0.4 EV | Correct white balance: neutralise the cast, damped | Straighten: rotate 0.8° anticlockwise | Apply luminance denoise: restrained | Do not apply aggressive sharpening: halos cost more than they buy",123RF; Adobe Stock; Alamy; Depositphotos; Dreamstime; Pond5; Shutterstock; Getty Images / iStock,,P1019457.JPG,1,True,24.0,0.0,camera_original,keep_in_place,,ok,
7854dd90d0c6bae5,P1019458.JPG,GOOD_PERSONAL,58,3,/Users/vitaliikarasov/Desktop/photo-ai-toolkit/photos/P1019458.JPG,photo,review,editorial,67,77,83,6,67,62,26,71,55,100,87,portrait,,Crop aggressively; obstruction still limits portrait usability.,,heavy_noise: sigma 10.1,color_cast: channel means 105/88/80,"Adjust exposure: +0.3 EV | Correct white balance: neutralise the cast, damped | Straighten: rotate 2.8° clockwise | Apply luminance denoise: restrained | Do not apply aggressive sharpening: halos cost more than they buy",Alamy; 123RF; Adobe Stock; Depositphotos; Dreamstime; Pond5; Shutterstock; Getty Images / iStock,Model release required before commercial licensing,P1019458.JPG,1,True,24.0,0.0,camera_original,hold_for_review,,ok,
c70285c612e9569c,P1019459.JPG,GOOD_PERSONAL,58,5,/Users/vitaliikarasov/Desktop/photo-ai-toolkit/photos/P1019459.JPG,photo,review,editorial,60,75,81,6,67,40,31,49,55,100,87,portrait,,Crop left space and reduce central trunk dominance.,,heavy_noise: sigma 9.9,color_cast: channel means 104/86/78,"Adjust exposure: +0.4 EV | Correct white balance: neutralise the cast, damped | Apply luminance denoise: restrained | Do not apply aggressive sharpening: halos cost more than they buy",Alamy; 123RF; Adobe Stock; Depositphotos; Dreamstime; Pond5; Shutterstock; Getty Images / iStock,Model release required before commercial licensing,P1019459.JPG,1,True,24.0,0.0,camera_original,hold_for_review,,ok,
e9470d69b43ea50b,P1019460.JPG,GOOD_PERSONAL,59,-2,/Users/vitaliikarasov/Desktop/photo-ai-toolkit/photos/P1019460.JPG,photo,review,editorial,68,80,86,6,67,55,35,64,55,100,87,portrait,,Lift face and crop excess stone wall.,,heavy_noise: sigma 8.2,color_cast: channel means 98/86/82,"Adjust exposure: +0.4 EV | Correct white balance: neutralise the cast, damped | Apply luminance denoise: restrained | Do not apply aggressive sharpening: halos cost more than they buy",Alamy; 123RF; Adobe Stock; Depositphotos; Dreamstime; Pond5; Shutterstock; Getty Images / iStock,Model release required before commercial licensing,P1019460.JPG,1,True,24.0,0.0,camera_original,hold_for_review,,ok,
1e6457f362ea5f3e,P1019461.JPG,GOOD_PERSONAL,61,-1,/Users/vitaliikarasov/Desktop/photo-ai-toolkit/photos/P1019461.JPG,photo,review,editorial,67,72,80,8,67,60,37,67,55,100,87,portrait,,"Lift face, crop bottom, preserve pagoda context.",,heavy_noise: sigma 10.7,color_cast: channel means 97/80/73,"Adjust exposure: +0.5 EV | Correct white balance: neutralise the cast, damped | Straighten: rotate 3.2° anticlockwise | Apply luminance denoise: restrained | Do not apply aggressive sharpening: halos cost more than they buy",Alamy; 123RF; Adobe Stock; Depositphotos; Dreamstime; Pond5; Shutterstock; Getty Images / iStock,Model release required before commercial licensing,P1019461.JPG,1,True,24.0,0.0,camera_original,hold_for_review,,ok,
9bcb3b520d63e242,P1019462.JPG,GOOD_PERSONAL,61,1,/Users/vitaliikarasov/Desktop/photo-ai-toolkit/photos/P1019462.JPG,photo,review,editorial,63,69,77,8,67,49,40,55,55,100,87,portrait,,Brighten subject selectively and trim right trunk.,,heavy_noise: sigma 10.5,color_cast: channel means 94/77/70,"Adjust exposure: +0.5 EV | Correct white balance: neutralise the cast, damped | Apply luminance denoise: restrained | Do not apply aggressive sharpening: halos cost more than they buy",Alamy; 123RF; Adobe Stock; Depositphotos; Dreamstime; Pond5; Shutterstock; Getty Images / iStock,Model release required before commercial licensing,P1019462.JPG,1,True,24.0,0.0,camera_original,hold_for_review,,ok,
a26442246a8f41f6,P1019464.JPG,GOOD_STOCK,58,-3,/Users/vitaliikarasov/Desktop/photo-ai-toolkit/photos/P1019464.JPG,photo,stock_standard,commercial,61,46,63,17,67,38,65,38,100,100,87,landscape,,Recover sky cautiously and crop partial foreground visitors.,,some_clipped_highlights: 11.4%,,"Adjust exposure: -0.4 EV | Correct white balance: neutralise the cast, damped | Recover highlights and lift shadows: moderate | Crop: 16:9 crop -- keep 84% of the frame (x 0-512, y 53-341 of the working image) | Straighten: rotate 0.8° anticlockwise | Do not apply aggressive sharpening: halos cost more than they buy",123RF; Adobe Stock; Alamy; Depositphotos; Dreamstime; Pond5; Shutterstock; Getty Images / iStock,,P1019464.JPG,1,True,24.0,0.0,camera_original,keep_in_place,,ok,
a4d26c6e442c76a0,P1019465.JPG,GOOD_STOCK,53,-2,/Users/vitaliikarasov/Desktop/photo-ai-toolkit/photos/P1019465.JPG,photo,stock_standard,commercial,55,31,51,20,67,31,66,28,100,100,87,landscape,,Recover sky and add local contrast to city.,,some_clipped_highlights: 15.8%,,"Adjust exposure: -0.6 EV | Correct white balance: neutralise the cast, damped | Recover highlights and lift shadows: moderate | Crop: 16:9 crop -- keep 84% of the frame (x 0-512, y 53-341 of the working image) | Do not apply aggressive sharpening: halos cost more than they buy",123RF; Adobe Stock; Alamy; Depositphotos; Dreamstime; Pond5; Shutterstock; Getty Images / iStock,,P1019465.JPG,1,True,24.0,0.0,camera_original,keep_in_place,,ok,
a0afef1315b8014c,P1019466.JPG,GOOD_STOCK,78,-1,/Users/vitaliikarasov/Desktop/photo-ai-toolkit/photos/P1019466.JPG,photo,stock_strong,commercial,88,80,83,3,78,88,87,88,100,100,92,landscape,,Lift pagoda shadows while preserving dramatic sunbeams.,,,,"Adjust exposure: +0.2 EV | Correct white balance: neutralise the cast, damped | Recover highlights and lift shadows: moderate | Add contrast: restrained S-curve | Straighten: rotate 0.8° clockwise | Do not apply aggressive sharpening: halos cost more than they buy",123RF; Adobe Stock; Alamy; Depositphotos; Dreamstime; Pond5; Shutterstock; Getty Images / iStock,,P1019466.JPG,1,True,24.0,0.0,camera_original,keep_in_place,,ok,
912f68d392ab9362,P1019467.JPG,GOOD_STOCK,82,3,/Users/vitaliikarasov/Desktop/photo-ai-toolkit/photos/P1019467.JPG,photo,flagship,commercial,87,82,84,2,78,96,93,94,100,53,92,architecture,,Lift pagoda gently and emphasize mountain sunbeams,,,,"Correct white balance: neutralise the cast, damped | Recover highlights and lift shadows: moderate | Add contrast: restrained S-curve | Straighten: rotate 2.8° clockwise | Do not apply aggressive sharpening: halos cost more than they buy",123RF; Adobe Stock; Alamy; Depositphotos; Dreamstime; Pond5; Shutterstock; Getty Images / iStock,,P1019467.JPG,5,True,24.0,0.0,camera_original,keep_in_place,,ok,
8a898f10d2b5084c,P1019468.JPG,GOOD_STOCK,79,0,/Users/vitaliikarasov/Desktop/photo-ai-toolkit/photos/P1019468.JPG,photo,stock_strong,commercial,84,80,82,2,78,89,92,87,100,53,92,architecture,,Open architectural shadows without flattening dramatic light,,,,"Correct white balance: neutralise the cast, damped | Recover highlights and lift shadows: moderate | Add contrast: restrained S-curve | Straighten: rotate 1.2° clockwise | Do not apply aggressive sharpening: halos cost more than they buy",123RF; Adobe Stock; Alamy; Depositphotos; Dreamstime; Pond5; Shutterstock; Getty Images / iStock,,P1019467.JPG,5,False,24.0,0.0,camera_original,keep_in_place,,ok,
c3a15ae67ee78c47,P1019469.JPG,GOOD_STOCK,77,-2,/Users/vitaliikarasov/Desktop/photo-ai-toolkit/photos/P1019469.JPG,photo,stock_strong,commercial,81,80,82,2,78,81,91,80,100,53,92,architecture,,Raise pagoda detail and retain luminous city,,,,"Correct white balance: neutralise the cast, damped | Recover highlights and lift shadows: moderate | Add contrast: restrained S-curve | Do not apply aggressive sharpening: halos cost more than they buy",123RF; Adobe Stock; Alamy; Depositphotos; Dreamstime; Pond5; Shutterstock; Getty Images / iStock,,P1019467.JPG,5,False,24.0,0.0,camera_original,keep_in_place,,ok,
584e7c54668932d4,P1019470.JPG,GOOD_STOCK,79,0,/Users/vitaliikarasov/Desktop/photo-ai-toolkit/photos/P1019470.JPG,photo,stock_strong,commercial,80,81,83,2,78,76,89,76,100,53,92,architecture,,Lift foreground shadows and strengthen local contrast,,,,"Correct white balance: neutralise the cast, damped | Recover highlights and lift shadows: moderate | Add contrast: restrained S-curve | Straighten: rotate 4.8° clockwise | Do not apply aggressive sharpening: halos cost more than they buy",123RF; Adobe Stock; Alamy; Depositphotos; Dreamstime; Pond5; Shutterstock; Getty Images / iStock,,P1019467.JPG,5,False,24.0,0.0,camera_original,keep_in_place,,ok,
63ea5ce578128a73,P1019471.JPG,GOOD_STOCK,80,1,/Users/vitaliikarasov/Desktop/photo-ai-toolkit/photos/P1019471.JPG,photo,duplicate_candidate,commercial,77,75,80,5,78,88,85,89,100,3,87,architecture,,Recover deep shadows while protecting stormy atmosphere,,weaker_duplicate: a sharper frame exists in cluster P1019467.JPG (quality 7 points higher),color_cast: channel means 95/103/114,"Adjust exposure: +0.2 EV | Correct white balance: neutralise the cast, damped | Recover highlights and lift shadows: moderate | Add contrast: restrained S-curve | Straighten: rotate 1.8° clockwise | Do not apply aggressive sharpening: halos cost more than they buy",123RF; Adobe Stock; Alamy; Depositphotos; Dreamstime; Pond5; Shutterstock; Getty Images / iStock,,P1019467.JPG,5,False,24.0,0.0,camera_original,compare_by_hand,,ok,
c43992d5764d1853,P1019472.JPG,GOOD_STOCK,63,5,/Users/vitaliikarasov/Desktop/photo-ai-toolkit/photos/P1019472.JPG,photo,stock_standard,commercial,66,49,68,19,67,57,45,62,100,100,87,architecture,,Recover highlights; crop decisively around severed spire,,some_clipped_highlights: 12.6%,,"Adjust exposure: -0.3 EV | Correct white balance: neutralise the cast, damped | Recover highlights and lift shadows: moderate | Crop: 16:9 crop -- keep 84% of the frame (x 0-512, y 43-331 of the working image) | Straighten: rotate 2.2° anticlockwise | Do not apply aggressive sharpening: halos cost more than they buy",123RF; Adobe Stock; Alamy; Depositphotos; Dreamstime; Pond5; Shutterstock; Getty Images / iStock,,P1019472.JPG,1,True,24.0,0.0,camera_original,keep_in_place,,ok,
b28465892bcf152d,P1019473.JPG,GOOD_STOCK,64,-4,/Users/vitaliikarasov/Desktop/photo-ai-toolkit/photos/P1019473.JPG,photo,stock_strong,commercial,68,44,65,21,67,62,74,62,100,71,87,architecture,,Pull highlights and crop tighter to disguise severed spire,,some_clipped_highlights: 13.2%,,"Adjust exposure: -0.4 EV | Correct white balance: neutralise the cast, damped | Recover highlights and lift shadows: moderate | Crop: 16:9 crop -- keep 84% of the frame (x 0-512, y 50-338 of the working image) | Straighten: rotate 5.2° clockwise | Do not apply aggressive sharpening: halos cost more than they buy",123RF; Adobe Stock; Alamy; Depositphotos; Dreamstime; Pond5; Shutterstock; Getty Images / iStock,,P1019473.JPG,3,True,24.0,0.0,camera_original,keep_in_place,,ok,
56748b40c621f53d,P1019474.JPG,GOOD_STOCK,67,-8,/Users/vitaliikarasov/Desktop/photo-ai-toolkit/photos/P1019474.JPG,photo,stock_strong,commercial,71,43,65,22,67,68,78,64,100,71,87,architecture,,Recover sky and use tighter architectural crop,,some_clipped_highlights: 14.2%,,"Adjust exposure: -0.4 EV | Correct white balance: neutralise the cast, damped | Recover highlights and lift shadows: moderate | Crop: 16:9 crop -- keep 84% of the frame (x 0-512, y 50-338 of the working image) | Do not apply aggressive sharpening: halos cost more than they buy",123RF; Adobe Stock; Alamy; Depositphotos; Dreamstime; Pond5; Shutterstock; Getty Images / iStock,,P1019473.JPG,3,False,24.0,0.0,camera_original,keep_in_place,,ok,
a04ac1f6cc9b04bd,P1019475.JPG,GOOD_STOCK,65,-4,/Users/vitaliikarasov/Desktop/photo-ai-toolkit/photos/P1019475.JPG,photo,stock_strong,commercial,68,43,64,21,67,62,75,61,100,71,87,architecture,,Control highlights and crop intentionally below finial,,some_clipped_highlights: 14.0%,,"Adjust exposure: -0.4 EV | Correct white balance: neutralise the cast, damped | Recover highlights and lift shadows: moderate | Crop: 16:9 crop -- keep 84% of the frame (x 0-512, y 50-338 of the working image) | Straighten: rotate 0.8° anticlockwise | Do not apply aggressive sharpening: halos cost more than they buy",123RF; Adobe Stock; Alamy; Depositphotos; Dreamstime; Pond5; Shutterstock; Getty Images / iStock,,P1019473.JPG,3,False,24.0,0.0,camera_original,keep_in_place,,ok,
0deb5c72a7078a3b,P1019476.JPG,GOOD_STOCK,59,-11,/Users/vitaliikarasov/Desktop/photo-ai-toolkit/photos/P1019476.JPG,photo,stock_strong,commercial,71,52,67,15,67,59,75,58,100,100,87,architecture,,Recover clouds and crop slightly from left,,some_clipped_highlights: 8.6%,,Adjust exposure: -0.4 EV | Straighten: rotate 1.2° clockwise | Do not apply aggressive sharpening: halos cost more than they buy,123RF; Adobe Stock; Alamy; Depositphotos; Dreamstime; Pond5; Shutterstock; Getty Images / iStock,,P1019476.JPG,1,True,24.0,0.0,camera_original,keep_in_place,,ok,
0a624f4d4d4bb680,P1019477.JPG,GOOD_STOCK,57,-11,/Users/vitaliikarasov/Desktop/photo-ai-toolkit/photos/P1019477.JPG,photo,stock_strong,commercial,66,52,66,14,67,53,77,53,100,71,87,architecture,,Darken sky and lift architectural shadow detail,,some_clipped_highlights: 8.3%,,Adjust exposure: -0.4 EV | Straighten: rotate 4.8° clockwise | Do not apply aggressive sharpening: halos cost more than they buy,123RF; Adobe Stock; Alamy; Depositphotos; Dreamstime; Pond5; Shutterstock; Getty Images / iStock,,P1019477.JPG,3,True,24.0,0.0,camera_original,keep_in_place,,ok,
f122064b13cb0326,P1019478.JPG,GOOD_STOCK,53,-6,/Users/vitaliikarasov/Desktop/photo-ai-toolkit/photos/P1019478.JPG,photo,duplicate_candidate,commercial,50,35,56,21,67,40,66,40,100,3,87,architecture,,Recover sky and strengthen separation around spire,,some_clipped_highlights: 14.4%; weaker_duplicate: a sharper frame exists in cluster P1019477.JPG (quality 16 points higher),,"Adjust exposure: -0.5 EV | Correct white balance: neutralise the cast, damped | Recover highlights and lift shadows: moderate | Crop: 1:1 crop -- keep 67% of the frame (x 167-508, y 0-341 of the working image) | Straighten: rotate 2.2° clockwise | Do not apply aggressive sharpening: halos cost more than they buy",123RF; Adobe Stock; Alamy; Depositphotos; Dreamstime; Pond5; Shutterstock; Getty Images / iStock,,P1019477.JPG,3,False,24.0,0.0,camera_original,compare_by_hand,,ok,
4c0a519789bdbf67,P1019479.JPG,GOOD_STOCK,52,-6,/Users/vitaliikarasov/Desktop/photo-ai-toolkit/photos/P1019479.JPG,photo,duplicate_candidate,commercial,51,36,56,20,67,44,62,44,100,3,87,architecture,,Reduce highlights and add restrained midtone contrast,,some_clipped_highlights: 14.3%; weaker_duplicate: a sharper frame exists in cluster P1019477.JPG (quality 15 points higher),,"Adjust exposure: -0.5 EV | Correct white balance: neutralise the cast, damped | Recover highlights and lift shadows: moderate | Crop: 1:1 crop -- keep 67% of the frame (x 167-508, y 0-341 of the working image) | Straighten: rotate 2.2° clockwise | Do not apply aggressive sharpening: halos cost more than they buy",123RF; Adobe Stock; Alamy; Depositphotos; Dreamstime; Pond5; Shutterstock; Getty Images / iStock,,P1019477.JPG,3,False,24.0,0.0,camera_original,compare_by_hand,,ok,
1309b90adb9d9940,P1019480.JPG,GOOD_STOCK,53,0,/Users/vitaliikarasov/Desktop/photo-ai-toolkit/photos/P1019480.JPG,photo,duplicate_candidate,commercial,45,30,58,28,67,31,51,33,100,4,87,architecture,,Recover pale sky and crop bottom distractions,,some_clipped_highlights: 21.1%; weaker_duplicate: a sharper frame exists in cluster P1019484.JPG (quality 5 points higher),,"Adjust exposure: -0.4 EV | Correct white balance: neutralise the cast, damped | Recover highlights and lift shadows: moderate | Add contrast: restrained S-curve | Straighten: rotate 1.8° anticlockwise | Do not apply aggressive sharpening: halos cost more than they buy",123RF; Adobe Stock; Alamy; Depositphotos; Dreamstime; Pond5; Shutterstock; Getty Images / iStock,,P1019484.JPG,5,False,24.0,0.0,camera_original,compare_by_hand,,ok,
026a732fbd80a415,P1019481.JPG,GOOD_STOCK,54,-2,/Users/vitaliikarasov/Desktop/photo-ai-toolkit/photos/P1019481.JPG,photo,stock_standard,commercial,52,32,59,27,67,31,60,32,100,54,87,architecture,,Restore sky detail and enhance roof texture,,some_clipped_highlights: 20.0%,,"Adjust exposure: -0.4 EV | Correct white balance: neutralise the cast, damped | Recover highlights and lift shadows: moderate | Add contrast: restrained S-curve | Straighten: rotate 2.8° anticlockwise | Do not apply aggressive sharpening: halos cost more than they buy",123RF; Adobe Stock; Alamy; Depositphotos; Dreamstime; Pond5; Shutterstock; Getty Images / iStock,,P1019484.JPG,5,False,24.0,0.0,camera_original,keep_in_place,,ok,
03fa0046003221ca,P1019482.JPG,GOOD_STOCK,51,-1,/Users/vitaliikarasov/Desktop/photo-ai-toolkit/photos/P1019482.JPG,photo,duplicate_candidate,commercial,45,28,58,30,67,24,58,27,100,4,87,architecture,,Pull highlights hard and crop damaged lower edge,,some_clipped_highlights: 23.4%; weaker_duplicate: a sharper frame exists in cluster P1019484.JPG (quality 7 points higher),,"Adjust exposure: -0.4 EV | Correct white balance: neutralise the cast, damped | Recover highlights and lift shadows: moderate | Add contrast: restrained S-curve | Straighten: rotate 2.8° clockwise | Do not apply aggressive sharpening: halos cost more than they buy",123RF; Adobe Stock; Alamy; Depositphotos; Dreamstime; Pond5; Shutterstock; Getty Images / iStock,,P1019484.JPG,5,False,24.0,0.0,camera_original,compare_by_hand,,ok,
5ebefcaf14e78e99,P1019483.JPG,GOOD_STOCK,50,-4,/Users/vitaliikarasov/Desktop/photo-ai-toolkit/photos/P1019483.JPG,photo,stock_standard,commercial,52,33,60,27,67,24,66,27,100,54,87,architecture,,Recover sky and clarify layered rooflines,,some_clipped_highlights: 19.7%,,"Adjust exposure: -0.4 EV | Correct white balance: neutralise the cast, damped | Recover highlights and lift shadows: moderate | Add contrast: restrained S-curve | Straighten: rotate 2.2° anticlockwise | Do not apply aggressive sharpening: halos cost more than they buy",123RF; Adobe Stock; Alamy; Depositphotos; Dreamstime; Pond5; Shutterstock; Getty Images / iStock,,P1019484.JPG,5,False,24.0,0.0,camera_original,keep_in_place,,ok,
236609988776fcff,P1019484.JPG,GOOD_STOCK,52,2,/Users/vitaliikarasov/Desktop/photo-ai-toolkit/photos/P1019484.JPG,photo,stock_standard,commercial,50,36,62,26,67,22,56,27,100,54,87,architecture,,Recover highlights and accept tight architectural crop,,some_clipped_highlights: 18.7%,,"Adjust exposure: -0.4 EV | Correct white balance: neutralise the cast, damped | Recover highlights and lift shadows: moderate | Add contrast: restrained S-curve | Straighten: rotate 1.2° anticlockwise | Do not apply aggressive sharpening: halos cost more than they buy",123RF; Adobe Stock; Alamy; Depositphotos; Dreamstime; Pond5; Shutterstock; Getty Images / iStock,,P1019484.JPG,5,True,24.0,0.0,camera_original,keep_in_place,,ok,
ccd530bf05e0496a,P1019485.JPG,GOOD_STOCK,52,1,/Users/vitaliikarasov/Desktop/photo-ai-toolkit/photos/P1019485.JPG,photo,stock_standard,commercial,57,30,61,31,67,37,45,41,100,100,87,architecture,,Embrace tight crop; avoid emphasizing severed finial,,some_clipped_highlights: 33.6%,,"Adjust exposure: -0.3 EV | Correct white balance: neutralise the cast, damped | Recover highlights and lift shadows: moderate | Add contrast: restrained S-curve | Straighten: rotate 5.8° clockwise | Do not apply aggressive sharpening: halos cost more than they buy",123RF; Adobe Stock; Alamy; Depositphotos; Dreamstime; Pond5; Shutterstock; Getty Images / iStock,,P1019485.JPG,1,True,24.0,0.0,camera_original,keep_in_place,,ok,
0f875b187a386966,P1019486.JPG,GOOD_STOCK,50,2,/Users/vitaliikarasov/Desktop/photo-ai-toolkit/photos/P1019486.JPG,photo,stock_standard,commercial,54,30,60,30,67,29,52,34,100,80,87,architecture,,Recover pale background and crop as architectural detail,,some_clipped_highlights: 34.2%,,"Adjust exposure: -0.3 EV | Correct white balance: neutralise the cast, damped | Recover highlights and lift shadows: moderate | Add contrast: restrained S-curve | Straighten: rotate 5.2° clockwise | Do not apply aggressive sharpening: halos cost more than they buy",123RF; Adobe Stock; Alamy; Depositphotos; Dreamstime; Pond5; Shutterstock; Getty Images / iStock,,P1019487.JPG,2,False,24.0,0.0,camera_original,keep_in_place,,ok,
8ef7615e59435b20,P1019487.JPG,GOOD_STOCK,52,5,/Users/vitaliikarasov/Desktop/photo-ai-toolkit/photos/P1019487.JPG,photo,stock_standard,commercial,53,31,62,31,67,25,49,31,100,80,87,architecture,,Use tighter roof study and suppress foreground branches,,some_clipped_highlights: 32.4%,,"Adjust exposure: -0.3 EV | Correct white balance: neutralise the cast, damped | Recover highlights and lift shadows: moderate | Add contrast: restrained S-curve | Straighten: rotate 1.2° clockwise | Do not apply aggressive sharpening: halos cost more than they buy",123RF; Adobe Stock; Alamy; Depositphotos; Dreamstime; Pond5; Shutterstock; Getty Images / iStock,,P1019487.JPG,2,True,24.0,0.0,camera_original,keep_in_place,,ok,
ad95ebd30f1f3ca1,P1019488.JPG,WEAK,44,10,/Users/vitaliikarasov/Desktop/photo-ai-toolkit/photos/P1019488.JPG,photo,review,editorial,40,30,34,4,78,50,16,32,60,80,92,detail,,Crop intruding shoe or retain for spontaneous context,,,mild_noise: sigma 3.8,"Adjust exposure: -0.7 EV | Correct white balance: neutralise the cast, damped | Recover highlights and lift shadows: moderate | Crop: 4:5 crop -- keep 53% of the frame (x 240-512, y 1-341 of the working image) | Straighten: rotate 0.8° clockwise | Apply luminance denoise: restrained | Do not apply aggressive sharpening: halos cost more than they buy",Alamy; 123RF; Adobe Stock; Depositphotos; Dreamstime; Pond5; Shutterstock; Getty Images / iStock,Readable trademark present: editorial only unless cleared,P1019488.JPG,2,True,24.0,0.0,camera_original,hold_for_review,,ok,
0ebc2b348ad86dd0,P1019489.JPG,WEAK,33,0,/Users/vitaliikarasov/Desktop/photo-ai-toolkit/photos/P1019489.JPG,photo,archive_only,commercial,41,27,28,1,78,35,46,19,100,80,92,detail,,Increase plaque separation and retain deliberate viewpoint,,,overexposed: mean luma 202; mild_noise: sigma 4.1,"Adjust exposure: -0.8 EV | Correct white balance: neutralise the cast, damped | Recover highlights and lift shadows: moderate | Crop: 4:5 crop -- keep 53% of the frame (x 240-512, y 1-341 of the working image) | Apply luminance denoise: restrained | Do not apply aggressive sharpening: halos cost more than they buy",123RF; Adobe Stock; Alamy; Depositphotos; Dreamstime; Pond5; Shutterstock; Getty Images / iStock,,P1019488.JPG,2,False,24.0,0.0,camera_original,keep_in_place,,ok,
e90eb48c5c1cba3b,P1019490.JPG,WEAK,41,7,/Users/vitaliikarasov/Desktop/photo-ai-toolkit/photos/P1019490.JPG,photo,review,commercial,45,29,31,2,78,41,43,25,100,100,92,detail,,Straighten paving geometry and deepen plaque contrast,,,mild_noise: sigma 4.2,"Adjust exposure: -0.8 EV | Correct white balance: neutralise the cast, damped | Recover highlights and lift shadows: moderate | Crop: 4:5 crop -- keep 53% of the frame (x 240-512, y 0-340 of the working image) | Apply luminance denoise: restrained | Do not apply aggressive sharpening: halos cost more than they buy",123RF; Adobe Stock; Alamy; Depositphotos; Dreamstime; Pond5; Shutterstock; Getty Images / iStock,,P1019490.JPG,1,True,24.0,0.0,camera_original,hold_for_review,,ok,
af730291e0408585,P1019491.JPG,WEAK,32,0,/Users/vitaliikarasov/Desktop/photo-ai-toolkit/photos/P1019491.JPG,photo,archive_only,commercial,41,21,27,6,78,22,55,12,100,100,92,detail,,Correct perspective and clarify the embedded image,,,overexposed: mean luma 205; flat_contrast: luma sigma 19,"Adjust exposure: -0.8 EV | Correct white balance: neutralise the cast, damped | Do not apply aggressive sharpening: halos cost more than they buy",123RF; Adobe Stock; Alamy; Depositphotos; Dreamstime; Pond5; Shutterstock; Getty Images / iStock,,P1019491.JPG,1,True,24.0,0.0,camera_original,keep_in_place,,ok,
85335b9d6ac7ad38,P1019492.JPG,GOOD_PERSONAL,70,-9,/Users/vitaliikarasov/Desktop/photo-ai-toolkit/photos/P1019492.JPG,photo,review,editorial,75,84,86,2,78,94,26,92,15,100,92,reportage,,Crop decisively around crossing activity and foreground figure,,,mild_noise: sigma 6.5,"Correct white balance: neutralise the cast, damped | Recover highlights and lift shadows: moderate | Add contrast: restrained S-curve | Apply luminance denoise: restrained | Do not apply aggressive sharpening: halos cost more than they buy",Alamy; 123RF; Adobe Stock; Depositphotos; Dreamstime; Pond5; Shutterstock; Getty Images / iStock,Model release required before commercial licensing; Readable trademark present: editorial only unless cleared,P1019492.JPG,1,True,24.0,0.0,camera_original,hold_for_review,,ok,
998b663dbf8c40f7,P1019493.JPG,GOOD_PERSONAL,70,-9,/Users/vitaliikarasov/Desktop/photo-ai-toolkit/photos/P1019493.JPG,photo,review,editorial,68,74,77,3,78,83,25,81,15,100,92,portrait,,Balance portrait tones and preserve railway context,,,mild_noise: sigma 4.3,"Correct white balance: neutralise the cast, damped | Recover highlights and lift shadows: moderate | Add contrast: restrained S-curve | Straighten: rotate 3.2° clockwise | Apply luminance denoise: restrained | Do not apply aggressive sharpening: halos cost more than they buy",Alamy; 123RF; Adobe Stock; Depositphotos; Dreamstime; Pond5; Shutterstock; Getty Images / iStock,Model release required before commercial licensing; Readable trademark present: editorial only unless cleared,P1019493.JPG,1,True,24.0,0.0,camera_original,hold_for_review,,ok,
daa4573597ac2aca,P1019494.JPG,GOOD_PERSONAL,48,3,/Users/vitaliikarasov/Desktop/photo-ai-toolkit/photos/P1019494.JPG,photo,duplicate_candidate,editorial,40,54,58,4,78,31,33,36,60,3,92,architecture,,Crop vehicles and emphasize storefront against spacious sky,,weaker_duplicate: a sharper frame exists in cluster P1019496.JPG (quality 8 points higher),,"Adjust exposure: -0.5 EV | Correct white balance: neutralise the cast, damped | Recover highlights and lift shadows: moderate | Crop: 16:9 crop -- keep 84% of the frame (x 0-512, y 53-341 of the working image) | Do not apply aggressive sharpening: halos cost more than they buy",Alamy; 123RF; Adobe Stock; Depositphotos; Dreamstime; Pond5; Shutterstock; Getty Images / iStock,Readable trademark present: editorial only unless cleared,P1019496.JPG,3,False,24.0,0.0,camera_original,compare_by_hand,,ok,
585e60504a49f50f,P1019495.JPG,GOOD_PERSONAL,61,-7,/Users/vitaliikarasov/Desktop/photo-ai-toolkit/photos/P1019495.JPG,photo,review,editorial,61,68,75,7,78,66,20,67,15,100,92,reportage,,Lift foreground shadows and retain customer activity,,,,"Adjust exposure: -0.4 EV | Correct white balance: neutralise the cast, damped | Recover highlights and lift shadows: moderate | Crop: 16:9 crop -- keep 84% of the frame (x 0-512, y 53-341 of the working image) | Do not apply aggressive sharpening: halos cost more than they buy",Alamy; 123RF; Adobe Stock; Depositphotos; Dreamstime; Pond5; Shutterstock; Getty Images / iStock,Model release required before commercial licensing; Readable trademark present: editorial only unless cleared,P1019495.JPG,1,True,24.0,0.0,camera_original,hold_for_review,,ok,
12277960db0519ac,P1019496.JPG,GOOD_PERSONAL,51,-3,/Users/vitaliikarasov/Desktop/photo-ai-toolkit/photos/P1019496.JPG,photo,review,editorial,53,61,65,4,78,42,37,45,60,72,92,architecture,,Crop bottom distractions and strengthen cloud definition,,,,"Adjust exposure: -0.5 EV | Correct white balance: neutralise the cast, damped | Recover highlights and lift shadows: moderate | Crop: 16:9 crop -- keep 84% of the frame (x 0-512, y 53-341 of the working image) | Do not apply aggressive sharpening: halos cost more than they buy",Alamy; 123RF; Adobe Stock; Depositphotos; Dreamstime; Pond5; Shutterstock; Getty Images / iStock,Readable trademark present: editorial only unless cleared,P1019496.JPG,3,True,24.0,0.0,camera_original,hold_for_review,,ok,
1ead87c4705fa82b,P1019497.JPG,GOOD_PERSONAL,51,-7,/Users/vitaliikarasov/Desktop/photo-ai-toolkit/photos/P1019497.JPG,photo,review,editorial,59,54,65,11,67,53,32,55,60,100,82,architecture,,Recover bright sky and crop parked vehicles selectively,,some_clipped_highlights: 5.9%,color_cast: channel means 150/161/177,"Adjust exposure: -0.4 EV | Correct white balance: neutralise the cast, damped | Recover highlights and lift shadows: moderate | Crop: 16:9 crop -- keep 84% of the frame (x 0-512, y 53-341 of the working image) | Straighten: rotate 0.8° clockwise | Do not apply aggressive sharpening: halos cost more than they buy",Alamy; 123RF; Adobe Stock; Depositphotos; Dreamstime; Pond5; Shutterstock; Getty Images / iStock,Readable trademark present: editorial only unless cleared,P1019497.JPG,1,True,24.0,0.0,camera_original,hold_for_review,,ok,
469e6f5917a41037,P1019498.JPG,GOOD_PERSONAL,48,-1,/Users/vitaliikarasov/Desktop/photo-ai-toolkit/photos/P1019498.JPG,photo,duplicate_candidate,editorial,44,50,56,6,78,42,38,46,60,3,87,architecture,,Use vertical crop emphasizing sky and storefront sign,,weaker_duplicate: a sharper frame exists in cluster P1019496.JPG (quality 11 points higher),color_cast: channel means 154/169/189,"Adjust exposure: -0.5 EV | Correct white balance: neutralise the cast, damped | Recover highlights and lift shadows: moderate | Crop: 16:9 crop -- keep 84% of the frame (x 0-512, y 53-341 of the working image) | Straighten: rotate 0.8° clockwise | Do not apply aggressive sharpening: halos cost more than they buy",Alamy; 123RF; Adobe Stock; Depositphotos; Dreamstime; Pond5; Shutterstock; Getty Images / iStock,Readable trademark present: editorial only unless cleared,P1019496.JPG,3,False,24.0,0.0,camera_original,compare_by_hand,,ok,
6bcf582ae6f5616d,P1019499.JPG,WEAK,30,0,/Users/vitaliikarasov/Desktop/photo-ai-toolkit/photos/P1019499.JPG,photo,trash,editorial,34,15,22,7,44,59,6,22,15,100,82,portrait,,Pull highlights aggressively and crop distracting background figures,blown_highlights: 42.0% of the frame is pure white,,overexposed: mean luma 205,"Adjust exposure: -0.8 EV | Correct white balance: neutralise the cast, damped | Recover highlights and lift shadows: moderate | Crop: gentle crop -- keep 48% of the frame (x 19-483, y 143-325 of the working image) | Straighten: rotate 2.8° clockwise | Do not apply aggressive sharpening: halos cost more than they buy",Alamy; 123RF; Adobe Stock; Depositphotos; Dreamstime; Pond5; Shutterstock; Getty Images / iStock,Model release required before commercial licensing; Readable trademark present: editorial only unless cleared,P1019499.JPG,1,True,24.0,0.0,camera_original,quarantine,,ok,
08ba0159bdba5d56,P1019500.JPG,WEAK,30,0,/Users/vitaliikarasov/Desktop/photo-ai-toolkit/photos/P1019500.JPG,photo,trash,editorial,35,15,22,7,44,64,6,24,15,100,92,portrait,,Recover highlights and minimize intersecting white vehicle,blown_highlights: 39.4% of the frame is pure white,,,"Adjust exposure: -0.8 EV | Correct white balance: neutralise the cast, damped | Recover highlights and lift shadows: moderate | Crop: gentle crop -- keep 50% of the frame (x 19-490, y 141-326 of the working image) | Straighten: rotate 5.8° clockwise | Do not apply aggressive sharpening: halos cost more than they buy",Alamy; 123RF; Adobe Stock; Depositphotos; Dreamstime; Pond5; Shutterstock; Getty Images / iStock,Model release required before commercial licensing; Readable trademark present: editorial only unless cleared,P1019500.JPG,1,True,24.0,0.0,camera_original,quarantine,,ok,
9c0e2c8ca1f7ffd7,P1019501.JPG,GOOD_PERSONAL,62,-2,/Users/vitaliikarasov/Desktop/photo-ai-toolkit/photos/P1019501.JPG,photo,review,editorial,56,26,50,24,67,84,13,71,15,100,87,portrait,,Crop right foreground figures and preserve pedestrian flow,,some_clipped_highlights: 18.6%,,"Adjust exposure: -0.5 EV | Correct white balance: neutralise the cast, damped | Recover highlights and lift shadows: moderate | Crop: 16:9 crop -- keep 84% of the frame (x 0-512, y 53-341 of the working image) | Straighten: rotate 0.8° clockwise | Do not apply aggressive sharpening: halos cost more than they buy",Alamy; 123RF; Adobe Stock; Depositphotos; Dreamstime; Pond5; Shutterstock; Getty Images / iStock,Model release required before commercial licensing; Readable trademark present: editorial only unless cleared,P1019501.JPG,1,True,24.0,0.0,camera_original,hold_for_review,,ok,
8709cadffebbade0,P1019502.JPG,GOOD_PERSONAL,49,-8,/Users/vitaliikarasov/Desktop/photo-ai-toolkit/photos/P1019502.JPG,photo,review,editorial,48,22,41,19,67,74,13,51,15,100,87,portrait,,Crop right edge and retain approaching pedestrian tension,,some_clipped_highlights: 19.3%,,"Adjust exposure: -0.6 EV | Correct white balance: neutralise the cast, damped | Recover highlights and lift shadows: moderate | Crop: tight crop -- keep 45% of the frame (x 53-453, y 108-306 of the working image) | Do not apply aggressive sharpening: halos cost more than they buy",Alamy; 123RF; Adobe Stock; Depositphotos; Dreamstime; Pond5; Shutterstock; Getty Images / iStock,Model release required before commercial licensing; Readable trademark present: editorial only unless cleared,P1019502.JPG,1,True,24.0,0.0,camera_original,hold_for_review,,ok,
e370fbc9feb34376,P1019503.JPG,GOOD_PERSONAL,47,-7,/Users/vitaliikarasov/Desktop/photo-ai-toolkit/photos/P1019503.JPG,photo,review,editorial,44,20,43,23,67,55,17,40,15,100,87,reportage,,Tighten sides while preserving storefront and pedestrian context.,,some_clipped_highlights: 20.2%,,"Adjust exposure: -0.6 EV | Correct white balance: neutralise the cast, damped | Recover highlights and lift shadows: moderate | Crop: 16:9 crop -- keep 84% of the frame (x 0-512, y 53-341 of the working image) | Do not apply aggressive sharpening: halos cost more than they buy",Alamy; 123RF; Adobe Stock; Depositphotos; Dreamstime; Pond5; Shutterstock; Getty Images / iStock,Model release required before commercial licensing; Readable trademark present: editorial only unless cleared,P1019503.JPG,1,True,24.0,0.0,camera_original,hold_for_review,,ok,
c0ca1984af9f6064,P1019504.JPG,GOOD_PERSONAL,50,-6,/Users/vitaliikarasov/Desktop/photo-ai-toolkit/photos/P1019504.JPG,photo,review,editorial,53,28,51,23,67,73,10,66,15,100,87,reportage,,Crop intrusive right group or embrace layered street activity.,,some_clipped_highlights: 17.5%,,"Adjust exposure: -0.5 EV | Correct white balance: neutralise the cast, damped | Recover highlights and lift shadows: moderate | Crop: 16:9 crop -- keep 84% of the frame (x 0-512, y 53-341 of the working image) | Do not apply aggressive sharpening: halos cost more than they buy",Alamy; 123RF; Adobe Stock; Depositphotos; Dreamstime; Pond5; Shutterstock; Getty Images / iStock,Model release required before commercial licensing; Readable trademark present: editorial only unless cleared,P1019504.JPG,1,True,24.0,0.0,camera_original,hold_for_review,,ok,
3d0103edc13bdc48,P1019505.JPG,WEAK,30,0,/Users/vitaliikarasov/Desktop/photo-ai-toolkit/photos/P1019505.JPG,photo,trash,editorial,30,15,22,7,44,32,20,12,15,100,92,portrait,,Recover highlights and crop slightly tighter around subject.,blown_highlights: 37.8% of the frame is pure white,,,"Adjust exposure: -0.7 EV | Correct white balance: neutralise the cast, damped | Recover highlights and lift shadows: moderate | Crop: gentle crop -- keep 53% of the frame (x 17-494, y 131-326 of the working image) | Do not apply aggressive sharpening: halos cost more than they buy",Alamy; 123RF; Adobe Stock; Depositphotos; Dreamstime; Pond5; Shutterstock; Getty Images / iStock,Model release required before commercial licensing; Readable trademark present: editorial only unless cleared,P1019505.JPG,1,True,24.0,0.0,camera_original,quarantine,,ok,
3b91af26fc176180,P1019506.JPG,GOOD_PERSONAL,50,2,/Users/vitaliikarasov/Desktop/photo-ai-toolkit/photos/P1019506.JPG,photo,review,editorial,40,15,33,18,67,51,24,30,15,100,87,portrait,,Lower highlights and preserve the directional expression.,,some_clipped_highlights: 34.4%,,"Adjust exposure: -0.7 EV | Correct white balance: neutralise the cast, damped | Recover highlights and lift shadows: moderate | Crop: gentle crop -- keep 56% of the frame (x 16-494, y 119-324 of the working image) | Do not apply aggressive sharpening: halos cost more than they buy",Alamy; 123RF; Adobe Stock; Depositphotos; Dreamstime; Pond5; Shutterstock; Getty Images / iStock,Model release required before commercial licensing; Readable trademark present: editorial only unless cleared,P1019506.JPG,1,True,24.0,0.0,camera_original,hold_for_review,,ok,
a2410916e0148750,P1019507.JPG,WEAK,30,0,/Users/vitaliikarasov/Desktop/photo-ai-toolkit/photos/P1019507.JPG,photo,trash,editorial,29,13,22,9,44,32,17,13,15,100,82,portrait,,Crop excessive sky and recover facial highlights.,blown_highlights: 35.9% of the frame is pure white,,overexposed: mean luma 201,"Adjust exposure: -0.8 EV | Correct white balance: neutralise the cast, damped | Recover highlights and lift shadows: moderate | Crop: gentle crop -- keep 56% of the frame (x 190-495, y 10-328 of the working image) | Straighten: rotate 0.8° anticlockwise | Do not apply aggressive sharpening: halos cost more than they buy",Alamy; 123RF; Adobe Stock; Depositphotos; Dreamstime; Pond5; Shutterstock; Getty Images / iStock,Model release required before commercial licensing; Readable trademark present: editorial only unless cleared,P1019507.JPG,1,True,24.0,0.0,camera_original,quarantine,,ok,
9607514bf9b4f468,P1019508.JPG,WEAK,38,0,/Users/vitaliikarasov/Desktop/photo-ai-toolkit/photos/P1019508.JPG,photo,archive_only,editorial,39,14,29,15,67,59,16,32,15,100,87,portrait,,"Crop overhead space and emphasize bowed, introspective gesture.",,some_clipped_highlights: 31.0%,,"Adjust exposure: -0.8 EV | Correct white balance: neutralise the cast, damped | Recover highlights and lift shadows: moderate | Crop: gentle crop -- keep 60% of the frame (x 161-497, y 11-325 of the working image) | Do not apply aggressive sharpening: halos cost more than they buy",Alamy; 123RF; Adobe Stock; Depositphotos; Dreamstime; Pond5; Shutterstock; Getty Images / iStock,Model release required before commercial licensing; Readable trademark present: editorial only unless cleared,P1019508.JPG,1,True,24.0,0.0,camera_original,keep_in_place,,ok,
fdbca03ed8c8b017,P1019509.JPG,WEAK,34,0,/Users/vitaliikarasov/Desktop/photo-ai-toolkit/photos/P1019509.JPG,photo,review,editorial,32,18,38,20,67,22,12,17,15,100,87,portrait,,Recover face and crop tighter to reduce empty sky.,,some_clipped_highlights: 30.5%,,"Adjust exposure: -0.7 EV | Correct white balance: neutralise the cast, damped | Recover highlights and lift shadows: moderate | Crop: gentle crop -- keep 60% of the frame (x 161-498, y 12-325 of the working image) | Straighten: rotate 1.2° anticlockwise | Do not apply aggressive sharpening: halos cost more than they buy",Alamy; 123RF; Adobe Stock; Depositphotos; Dreamstime; Pond5; Shutterstock; Getty Images / iStock,Model release required before commercial licensing; Readable trademark present: editorial only unless cleared,P1019509.JPG,1,True,24.0,0.0,camera_original,hold_for_review,,ok,
09c868b75229889e,P1019510.JPG,WEAK,39,0,/Users/vitaliikarasov/Desktop/photo-ai-toolkit/photos/P1019510.JPG,photo,review,editorial,30,15,33,18,67,20,23,12,15,80,87,portrait,,Reduce highlights and keep clean vertical portrait framing.,,some_clipped_highlights: 31.7%,,"Adjust exposure: -0.7 EV | Correct white balance: neutralise the cast, damped | Recover highlights and lift shadows: moderate | Crop: gentle crop -- keep 59% of the frame (x 168-496, y 11-326 of the working image) | Do not apply aggressive sharpening: halos cost more than they buy",Alamy; 123RF; Adobe Stock; Depositphotos; Dreamstime; Pond5; Shutterstock; Getty Images / iStock,Model release required before commercial licensing; Readable trademark present: editorial only unless cleared,P1019510.JPG,2,True,24.0,0.0,camera_original,hold_for_review,,ok,
81c15fbe00e95418,P1019511.JPG,WEAK,44,0,/Users/vitaliikarasov/Desktop/photo-ai-toolkit/photos/P1019511.JPG,photo,review,editorial,32,15,33,18,67,27,26,15,15,80,87,portrait,,Recover highlights and crop some blank sky.,,some_clipped_highlights: 32.0%,,"Adjust exposure: -0.7 EV | Correct white balance: neutralise the cast, damped | Recover highlights and lift shadows: moderate | Crop: gentle crop -- keep 59% of the frame (x 170-497, y 10-326 of the working image) | Straighten: rotate 1.2° anticlockwise | Do not apply aggressive sharpening: halos cost more than they buy",Alamy; 123RF; Adobe Stock; Depositphotos; Dreamstime; Pond5; Shutterstock; Getty Images / iStock,Model release required before commercial licensing; Readable trademark present: editorial only unless cleared,P1019510.JPG,2,False,24.0,0.0,camera_original,hold_for_review,,ok,
ecf617b85382d8f2,P1019512.JPG,WEAK,44,0,/Users/vitaliikarasov/Desktop/photo-ai-toolkit/photos/P1019512.JPG,photo,review,editorial,38,17,37,20,67,44,13,29,15,100,87,portrait,,Recover bright background and preserve full stance,,some_clipped_highlights: 19.5%,,"Adjust exposure: -0.6 EV | Correct white balance: neutralise the cast, damped | Recover highlights and lift shadows: moderate | Crop: gentle crop -- keep 69% of the frame (x 108-490, y 11-326 of the working image) | Straighten: rotate 0.8° clockwise | Do not apply aggressive sharpening: halos cost more than they buy",Alamy; 123RF; Adobe Stock; Depositphotos; Dreamstime; Pond5; Shutterstock; Getty Images / iStock,Model release required before commercial licensing; Readable trademark present: editorial only unless cleared,P1019512.JPG,1,True,24.0,0.0,camera_original,hold_for_review,,ok,
c89cb0a47d6a1b71,P1019513.JPG,GOOD_PERSONAL,67,0,/Users/vitaliikarasov/Desktop/photo-ai-toolkit/photos/P1019513.JPG,photo,review,editorial,60,73,77,4,78,63,16,64,15,100,92,portrait,,Lift face and crop excess sky carefully,,,,"Correct white balance: neutralise the cast, damped | Recover highlights and lift shadows: moderate | Add contrast: restrained S-curve | Straighten: rotate 3.2° clockwise | Do not apply aggressive sharpening: halos cost more than they buy",Alamy; 123RF; Adobe Stock; Depositphotos; Dreamstime; Pond5; Shutterstock; Getty Images / iStock,Model release required before commercial licensing; Readable trademark present: editorial only unless cleared,P1019513.JPG,1,True,24.0,0.0,camera_original,hold_for_review,,ok,
828c112244a4a7d1,P1019514.JPG,GOOD_PERSONAL,62,0,/Users/vitaliikarasov/Desktop/photo-ai-toolkit/photos/P1019514.JPG,photo,review,editorial,56,77,81,4,78,46,15,49,15,100,92,portrait,,Lift subject shadows and tighten lower frame,,,,"Correct white balance: neutralise the cast, damped | Recover highlights and lift shadows: moderate | Add contrast: restrained S-curve | Straighten: rotate 3.8° clockwise | Do not apply aggressive sharpening: halos cost more than they buy",Alamy; 123RF; Adobe Stock; Depositphotos; Dreamstime; Pond5; Shutterstock; Getty Images / iStock,Model release required before commercial licensing; Readable trademark present: editorial only unless cleared,P1019514.JPG,1,True,24.0,0.0,camera_original,hold_for_review,,ok,
3334dfa49520c9d0,P1019515.JPG,GOOD_PERSONAL,69,0,/Users/vitaliikarasov/Desktop/photo-ai-toolkit/photos/P1019515.JPG,photo,review,editorial,65,79,83,4,78,70,16,72,15,100,92,portrait,,Open shadows and crop for stronger separation,,,,"Correct white balance: neutralise the cast, damped | Recover highlights and lift shadows: moderate | Add contrast: restrained S-curve | Do not apply aggressive sharpening: halos cost more than they buy",Alamy; 123RF; Adobe Stock; Depositphotos; Dreamstime; Pond5; Shutterstock; Getty Images / iStock,Model release required before commercial licensing; Readable trademark present: editorial only unless cleared,P1019515.JPG,1,True,24.0,0.0,camera_original,hold_for_review,,ok,
d2c4a457fbab25ae,P1019516.JPG,GOOD_PERSONAL,79,0,/Users/vitaliikarasov/Desktop/photo-ai-toolkit/photos/P1019516.JPG,photo,review,editorial,70,76,83,7,67,87,18,87,15,100,87,reportage,,Lift faces and emphasize the photobomb gesture,,some_clipped_highlights: 3.1%,mild_noise: sigma 3.3,"Adjust exposure: +0.2 EV | Correct white balance: neutralise the cast, damped | Recover highlights and lift shadows: moderate | Add contrast: restrained S-curve | Straighten: rotate 1.2° clockwise | Apply luminance denoise: restrained | Do not apply aggressive sharpening: halos cost more than they buy",Alamy; 123RF; Adobe Stock; Depositphotos; Dreamstime; Pond5; Shutterstock; Getty Images / iStock,Model release required before commercial licensing; Readable trademark present: editorial only unless cleared,P1019516.JPG,1,True,24.0,0.0,camera_original,hold_for_review,,ok,
fe2a954236ee5c8c,P1019517.JPG,GOOD_PERSONAL,79,0,/Users/vitaliikarasov/Desktop/photo-ai-toolkit/photos/P1019517.JPG,photo,review,editorial,70,74,81,7,78,93,20,91,15,80,92,reportage,,Balance faces and retain the playful gesture,,,,"Adjust exposure: +0.3 EV | Correct white balance: neutralise the cast, damped | Recover highlights and lift shadows: moderate | Add contrast: restrained S-curve | Do not apply aggressive sharpening: halos cost more than they buy",Alamy; 123RF; Adobe Stock; Depositphotos; Dreamstime; Pond5; Shutterstock; Getty Images / iStock,Model release required before commercial licensing; Readable trademark present: editorial only unless cleared,P1019517.JPG,2,True,24.0,0.0,camera_original,hold_for_review,,ok,
d4fbbc832ce64c0d,P1019518.JPG,GOOD_PERSONAL,79,0,/Users/vitaliikarasov/Desktop/photo-ai-toolkit/photos/P1019518.JPG,photo,review,editorial,69,72,81,9,67,90,19,89,15,80,87,reportage,,Lift faces and crop slightly from right,,some_clipped_highlights: 4.4%,mild_noise: sigma 3.4,"Adjust exposure: +0.3 EV | Correct white balance: neutralise the cast, damped | Recover highlights and lift shadows: moderate | Add contrast: restrained S-curve | Apply luminance denoise: restrained | Do not apply aggressive sharpening: halos cost more than they buy",Alamy; 123RF; Adobe Stock; Depositphotos; Dreamstime; Pond5; Shutterstock; Getty Images / iStock,Model release required before commercial licensing; Readable trademark present: editorial only unless cleared,P1019517.JPG,2,False,24.0,0.0,camera_original,hold_for_review,,ok,
deea9e87acce0c29,P1019519.JPG,GOOD_PERSONAL,79,0,/Users/vitaliikarasov/Desktop/photo-ai-toolkit/photos/P1019519.JPG,photo,review,editorial,78,80,86,6,67,86,42,85,55,100,87,landscape,,Crop foreground heads and reduce pole dominance,,heavy_noise: sigma 8.8,color_cast: channel means 110/86/78,"Adjust exposure: +0.4 EV | Correct white balance: neutralise the cast, damped | Apply luminance denoise: restrained | Do not apply aggressive sharpening: halos cost more than they buy",Alamy; 123RF; Adobe Stock; Depositphotos; Dreamstime; Pond5; Shutterstock; Getty Images / iStock,Model release required before commercial licensing,P1019519.JPG,1,True,24.0,0.0,camera_original,hold_for_review,,ok,
8da7b5964ffb1c62,P1019520.JPG,GOOD_STOCK,53,0,/Users/vitaliikarasov/Desktop/photo-ai-toolkit/photos/P1019520.JPG,photo,stock_standard,commercial,54,57,63,6,67,27,55,31,100,71,87,landscape,,Open shadows and crop lower-edge distractions,,heavy_noise: sigma 14.0,underexposed: mean luma 57; color_cast: channel means 85/48/35,"Adjust exposure: +1.1 EV | Correct white balance: neutralise the cast, damped | Apply luminance denoise: restrained | Do not apply aggressive sharpening: halos cost more than they buy",123RF; Adobe Stock; Alamy; Depositphotos; Dreamstime; Pond5; Shutterstock; Getty Images / iStock,,P1019522.JPG,3,False,24.0,0.0,camera_original,keep_in_place,,ok,
714dfada727dfae1,P1019521.JPG,GOOD_STOCK,54,0,/Users/vitaliikarasov/Desktop/photo-ai-toolkit/photos/P1019521.JPG,photo,stock_standard,commercial,53,56,62,6,67,30,50,31,100,71,87,landscape,,Increase leaf separation and trim the lower edge,,heavy_noise: sigma 14.1,underexposed: mean luma 57; color_cast: channel means 84/47/34,"Adjust exposure: +1.1 EV | Correct white balance: neutralise the cast, damped | Apply luminance denoise: restrained | Do not apply aggressive sharpening: halos cost more than they buy",123RF; Adobe Stock; Alamy; Depositphotos; Dreamstime; Pond5; Shutterstock; Getty Images / iStock,,P1019522.JPG,3,False,24.0,0.0,camera_original,keep_in_place,,ok,
31d7451ed42b28a1,P1019522.JPG,GOOD_STOCK,53,0,/Users/vitaliikarasov/Desktop/photo-ai-toolkit/photos/P1019522.JPG,photo,stock_standard,commercial,53,57,63,6,67,27,54,29,100,71,87,landscape,,Open shadows and crop into the strongest branching,,heavy_noise: sigma 14.3,underexposed: mean luma 58; color_cast: channel means 85/48/35,"Adjust exposure: +1.0 EV | Correct white balance: neutralise the cast, damped | Apply luminance denoise: restrained | Do not apply aggressive sharpening: halos cost more than they buy",123RF; Adobe Stock; Alamy; Depositphotos; Dreamstime; Pond5; Shutterstock; Getty Images / iStock,,P1019522.JPG,3,True,24.0,0.0,camera_original,keep_in_place,,ok,
e4c2a94ae4ab6dff,P1019523.JPG,GOOD_STOCK,45,0,/Users/vitaliikarasov/Desktop/photo-ai-toolkit/photos/P1019523.JPG,photo,stock_standard,commercial,58,53,58,5,78,34,57,40,100,100,87,detail,,Crop tighter around the sharp central leaves,,,color_cast: channel means 151/76/29,Adjust exposure: +0.3 EV | Do not apply aggressive sharpening: halos cost more than they buy,123RF; Adobe Stock; Alamy; Depositphotos; Dreamstime; Pond5; Shutterstock; Getty Images / iStock,,P1019523.JPG,1,True,24.0,0.0,camera_original,keep_in_place,,ok,
71ca7b21cd6c8fb4,P1019524.JPG,WEAK,44,0,/Users/vitaliikarasov/Desktop/photo-ai-toolkit/photos/P1019524.JPG,photo,stock_standard,commercial,56,50,57,7,78,27,62,33,100,100,87,detail,,Reduce foreground dominance and emphasize central leaf detail,,,color_cast: channel means 136/68/31,"Adjust exposure: +0.5 EV | Correct white balance: neutralise the cast, damped | Do not apply aggressive sharpening: halos cost more than they buy",123RF; Adobe Stock; Alamy; Depositphotos; Dreamstime; Pond5; Shutterstock; Getty Images / iStock,,P1019524.JPG,1,True,24.0,0.0,camera_original,keep_in_place,,ok,
6c904a7ed06dc697,P1019525.JPG,GOOD_STOCK,62,0,/Users/vitaliikarasov/Desktop/photo-ai-toolkit/photos/P1019525.JPG,photo,stock_strong,commercial,71,55,60,5,78,66,74,69,100,100,87,detail,,Refine skin tones and retain the enclosing hand gesture,,,color_cast: channel means 144/90/69,"Adjust exposure: +0.2 EV | Correct white balance: neutralise the cast, damped | Recover highlights and lift shadows: moderate | Add contrast: restrained S-curve | Do not apply aggressive sharpening: halos cost more than they buy",123RF; Adobe Stock; Alamy; Depositphotos; Dreamstime; Pond5; Shutterstock; Getty Images / iStock,,P1019525.JPG,1,True,24.0,0.0,camera_original,keep_in_place,,ok,
3c5ce728f1747da5,P1019526.JPG,GOOD_STOCK,58,0,/Users/vitaliikarasov/Desktop/photo-ai-toolkit/photos/P1019526.JPG,photo,stock_strong,commercial,68,53,60,7,78,59,70,63,100,100,87,detail,,Crop background figures and brighten the held leaves,,,color_cast: channel means 134/80/57,"Adjust exposure: +0.3 EV | Correct white balance: neutralise the cast, damped | Recover highlights and lift shadows: moderate | Add contrast: restrained S-curve | Do not apply aggressive sharpening: halos cost more than they buy",123RF; Adobe Stock; Alamy; Depositphotos; Dreamstime; Pond5; Shutterstock; Getty Images / iStock,,P1019526.JPG,1,True,24.0,0.0,camera_original,keep_in_place,,ok,
c94fe99f45906ffc,P1019527.JPG,GOOD_STOCK,53,0,/Users/vitaliikarasov/Desktop/photo-ai-toolkit/photos/P1019527.JPG,photo,stock_standard,commercial,64,59,64,5,78,44,63,50,100,100,87,detail,,Trim left sleeve and strengthen leaf contrast,,,color_cast: channel means 141/88/65,"Adjust exposure: +0.2 EV | Correct white balance: neutralise the cast, damped | Recover highlights and lift shadows: moderate | Add contrast: restrained S-curve | Do not apply aggressive sharpening: halos cost more than they buy",123RF; Adobe Stock; Alamy; Depositphotos; Dreamstime; Pond5; Shutterstock; Getty Images / iStock,,P1019527.JPG,1,True,24.0,0.0,camera_original,keep_in_place,,ok,
2afed9839bae5afb,P1019528.JPG,GOOD_STOCK,56,0,/Users/vitaliikarasov/Desktop/photo-ai-toolkit/photos/P1019528.JPG,photo,stock_strong,commercial,67,55,61,6,78,52,74,58,100,100,87,detail,,Balance skin warmth and preserve the clean layered gesture,,,color_cast: channel means 143/80/54,"Adjust exposure: +0.3 EV | Correct white balance: neutralise the cast, damped | Recover highlights and lift shadows: moderate | Add contrast: restrained S-curve | Do not apply aggressive sharpening: halos cost more than they buy",123RF; Adobe Stock; Alamy; Depositphotos; Dreamstime; Pond5; Shutterstock; Getty Images / iStock,,P1019528.JPG,1,True,24.0,0.0,camera_original,keep_in_place,,ok,
d518b0f00ba4ad53,P1019529.JPG,GOOD_STOCK,54,0,/Users/vitaliikarasov/Desktop/photo-ai-toolkit/photos/P1019529.JPG,photo,stock_strong,commercial,66,53,59,6,78,51,72,56,100,100,87,detail,,Crop wrist edge and sharpen the central leaves selectively,,,color_cast: channel means 144/79/53,"Adjust exposure: +0.3 EV | Correct white balance: neutralise the cast, damped | Recover highlights and lift shadows: moderate | Add contrast: restrained S-curve | Do not apply aggressive sharpening: halos cost more than they buy",123RF; Adobe Stock; Alamy; Depositphotos; Dreamstime; Pond5; Shutterstock; Getty Images / iStock,,P1019529.JPG,1,True,24.0,0.0,camera_original,keep_in_place,,ok,
20d6e42972ed515e,P1019530.JPG,GOOD_PERSONAL,63,0,/Users/vitaliikarasov/Desktop/photo-ai-toolkit/photos/P1019530.JPG,photo,review,editorial,61,52,59,7,78,75,22,73,55,100,87,street,,Crop distractions while retaining layered street context,,,color_cast: channel means 136/72/34,"Adjust exposure: +0.5 EV | Correct white balance: neutralise the cast, damped | Recover highlights and lift shadows: moderate | Add contrast: restrained S-curve | Straighten: rotate 1.8° clockwise | Do not apply aggressive sharpening: halos cost more than they buy",Alamy; 123RF; Adobe Stock; Depositphotos; Dreamstime; Pond5; Shutterstock; Getty Images / iStock,Model release required before commercial licensing,P1019530.JPG,1,True,24.0,0.0,camera_original,hold_for_review,,ok,
8ee9507d872fcc38,P1019531.JPG,GOOD_PERSONAL,68,0,/Users/vitaliikarasov/Desktop/photo-ai-toolkit/photos/P1019531.JPG,photo,review,editorial,64,54,60,6,78,82,26,79,55,100,87,street,,Center attention on gesture without losing crowd context,,,color_cast: channel means 137/77/41,"Adjust exposure: +0.4 EV | Correct white balance: neutralise the cast, damped | Recover highlights and lift shadows: moderate | Add contrast: restrained S-curve | Do not apply aggressive sharpening: halos cost more than they buy",Alamy; 123RF; Adobe Stock; Depositphotos; Dreamstime; Pond5; Shutterstock; Getty Images / iStock,Model release required before commercial licensing,P1019531.JPG,1,True,24.0,0.0,camera_original,hold_for_review,,ok,
8647688e3b8c5dfc,P1019532.JPG,GOOD_PERSONAL,59,0,/Users/vitaliikarasov/Desktop/photo-ai-toolkit/photos/P1019532.JPG,photo,review,editorial,56,53,60,7,78,52,30,52,55,100,87,street,,Crop right sleeve and open shadows around gesture,,,color_cast: channel means 135/77/41,"Adjust exposure: +0.4 EV | Correct white balance: neutralise the cast, damped | Recover highlights and lift shadows: moderate | Add contrast: restrained S-curve | Do not apply aggressive sharpening: halos cost more than they buy",Alamy; 123RF; Adobe Stock; Depositphotos; Dreamstime; Pond5; Shutterstock; Getty Images / iStock,Model release required before commercial licensing,P1019532.JPG,1,True,24.0,0.0,camera_original,hold_for_review,,ok,
291e21cd3465495c,P1019533.JPG,GOOD_STOCK,46,0,/Users/vitaliikarasov/Desktop/photo-ai-toolkit/photos/P1019533.JPG,photo,stock_strong,commercial,50,23,38,15,67,35,70,25,100,80,82,detail,,Recover sun area gently and preserve luminous backlight,,some_clipped_highlights: 15.7%,overexposed: mean luma 200; color_cast: channel means 220/196/170,"Adjust exposure: -0.8 EV | Correct white balance: neutralise the cast, damped | Recover highlights and lift shadows: moderate | Add contrast: restrained S-curve | Straighten: rotate 1.2° clockwise | Do not apply aggressive sharpening: halos cost more than they buy",123RF; Adobe Stock; Alamy; Depositphotos; Dreamstime; Pond5; Shutterstock; Getty Images / iStock,,P1019534.JPG,2,False,24.0,0.0,camera_original,keep_in_place,,ok,
404eb081a50c465e,P1019534.JPG,GOOD_STOCK,45,0,/Users/vitaliikarasov/Desktop/photo-ai-toolkit/photos/P1019534.JPG,photo,stock_strong,commercial,49,24,39,15,67,30,73,23,100,80,82,detail,,Protect highlights and retain generous copy space,,some_clipped_highlights: 15.0%,color_cast: channel means 220/195/168,"Adjust exposure: -0.8 EV | Correct white balance: neutralise the cast, damped | Recover highlights and lift shadows: moderate | Add contrast: restrained S-curve | Straighten: rotate 5.2° clockwise | Do not apply aggressive sharpening: halos cost more than they buy",123RF; Adobe Stock; Alamy; Depositphotos; Dreamstime; Pond5; Shutterstock; Getty Images / iStock,,P1019534.JPG,2,True,24.0,0.0,camera_original,keep_in_place,,ok,
2b05116e698cbf4b,P1019535.JPG,WEAK,41,0,/Users/vitaliikarasov/Desktop/photo-ai-toolkit/photos/P1019535.JPG,photo,stock_standard,commercial,52,49,51,2,78,18,67,22,100,100,87,detail,,Increase local separation among overlapping leaves,,,color_cast: channel means 192/82/25,"Correct white balance: neutralise the cast, damped | Recover highlights and lift shadows: moderate | Add contrast: restrained S-curve | Do not apply aggressive sharpening: halos cost more than they buy",123RF; Adobe Stock; Alamy; Depositphotos; Dreamstime; Pond5; Shutterstock; Getty Images / iStock,,P1019535.JPG,1,True,24.0,0.0,camera_original,keep_in_place,,ok,
7c9b4b3cee7d5f9d,P1019536.JPG,WEAK,42,0,/Users/vitaliikarasov/Desktop/photo-ai-toolkit/photos/P1019536.JPG,photo,stock_strong,commercial,51,42,46,4,78,19,72,20,100,100,87,detail,,Crop subtly and emphasize central sharp leaves,,,color_cast: channel means 185/80/23,"Adjust exposure: +0.2 EV | Correct white balance: neutralise the cast, damped | Recover highlights and lift shadows: moderate | Add contrast: restrained S-curve | Do not apply aggressive sharpening: halos cost more than they buy",123RF; Adobe Stock; Alamy; Depositphotos; Dreamstime; Pond5; Shutterstock; Getty Images / iStock,,P1019536.JPG,1,True,24.0,0.0,camera_original,keep_in_place,,ok,
e5dc3811312afce4,P1019537.JPG,WEAK,43,0,/Users/vitaliikarasov/Desktop/photo-ai-toolkit/photos/P1019537.JPG,photo,stock_strong,commercial,50,43,47,4,78,19,68,20,100,100,87,detail,,Reduce foreground dominance and enhance central foliage,,,color_cast: channel means 186/80/23,"Adjust exposure: +0.2 EV | Correct white balance: neutralise the cast, damped | Recover highlights and lift shadows: moderate | Add contrast: restrained S-curve | Straighten: rotate 7.8° anticlockwise | Do not apply aggressive sharpening: halos cost more than they buy",123RF; Adobe Stock; Alamy; Depositphotos; Dreamstime; Pond5; Shutterstock; Getty Images / iStock,,P1019537.JPG,1,True,24.0,0.0,camera_original,keep_in_place,,ok,
096db5b85bf9dfde,P1019538.JPG,GOOD_STOCK,62,0,/Users/vitaliikarasov/Desktop/photo-ai-toolkit/photos/P1019538.JPG,photo,stock_standard,commercial,67,79,86,7,78,36,55,42,100,100,87,landscape,,Crop foreground blur and clarify mountain-town layers,,,color_cast: channel means 118/82/64; mild_noise: sigma 4.8,"Adjust exposure: +0.4 EV | Correct white balance: neutralise the cast, damped | Recover highlights and lift shadows: moderate | Add contrast: restrained S-curve | Straighten: rotate 4.2° clockwise | Apply luminance denoise: restrained | Do not apply aggressive sharpening: halos cost more than they buy",123RF; Adobe Stock; Alamy; Depositphotos; Dreamstime; Pond5; Shutterstock; Getty Images / iStock,,P1019538.JPG,1,True,24.0,0.0,camera_original,keep_in_place,,ok,
278110c14b4be1f4,P1019539.JPG,GOOD_STOCK,57,0,/Users/vitaliikarasov/Desktop/photo-ai-toolkit/photos/P1019539.JPG,photo,stock_standard,commercial,66,67,73,6,78,44,58,49,100,100,87,landscape,,Lift foliage and retain soft landscape context.,,,color_cast: channel means 120/90/69,"Adjust exposure: +0.3 EV | Correct white balance: neutralise the cast, damped | Recover highlights and lift shadows: moderate | Add contrast: restrained S-curve | Do not apply aggressive sharpening: halos cost more than they buy",123RF; Adobe Stock; Alamy; Depositphotos; Dreamstime; Pond5; Shutterstock; Getty Images / iStock,,P1019539.JPG,1,True,24.0,0.0,camera_original,keep_in_place,,ok,
4dc4e8e2aa498413,P1019540.JPG,GOOD_STOCK,45,0,/Users/vitaliikarasov/Desktop/photo-ai-toolkit/photos/P1019540.JPG,photo,stock_strong,commercial,50,35,41,6,78,22,74,18,100,100,87,detail,,Refine colour separation and preserve the central leaf.,,,color_cast: channel means 166/72/31,"Adjust exposure: +0.3 EV | Correct white balance: neutralise the cast, damped | Recover highlights and lift shadows: moderate | Add contrast: restrained S-curve | Do not apply aggressive sharpening: halos cost more than they buy",123RF; Adobe Stock; Alamy; Depositphotos; Dreamstime; Pond5; Shutterstock; Getty Images / iStock,,P1019540.JPG,1,True,24.0,0.0,camera_original,keep_in_place,,ok,
6770c16f75a39f38,P1019541.JPG,GOOD_STOCK,47,0,/Users/vitaliikarasov/Desktop/photo-ai-toolkit/photos/P1019541.JPG,photo,stock_strong,commercial,54,44,49,5,78,25,76,26,100,100,87,detail,,Crop minimally and add gentle local contrast.,,,color_cast: channel means 177/79/37,"Adjust exposure: +0.2 EV | Correct white balance: neutralise the cast, damped | Recover highlights and lift shadows: moderate | Add contrast: restrained S-curve | Do not apply aggressive sharpening: halos cost more than they buy",123RF; Adobe Stock; Alamy; Depositphotos; Dreamstime; Pond5; Shutterstock; Getty Images / iStock,,P1019541.JPG,1,True,24.0,0.0,camera_original,keep_in_place,,ok,
e7bb80318ce2c38a,P1019542.JPG,GOOD_STOCK,67,0,/Users/vitaliikarasov/Desktop/photo-ai-toolkit/photos/P1019542.JPG,photo,stock_strong,commercial,73,62,74,12,78,52,83,56,100,100,87,landscape,,Lift dark reds while preserving generous copy space.,,,color_cast: channel means 107/74/69,"Adjust exposure: +0.5 EV | Correct white balance: neutralise the cast, damped | Recover highlights and lift shadows: moderate | Add contrast: restrained S-curve | Do not apply aggressive sharpening: halos cost more than they buy",123RF; Adobe Stock; Alamy; Depositphotos; Dreamstime; Pond5; Shutterstock; Getty Images / iStock,,P1019542.JPG,1,True,24.0,0.0,camera_original,keep_in_place,,ok,
844488c1cefe91cd,P1019543.JPG,GOOD_STOCK,68,0,/Users/vitaliikarasov/Desktop/photo-ai-toolkit/photos/P1019543.JPG,photo,stock_strong,commercial,74,68,75,7,78,60,73,63,100,100,87,landscape,,Crop bottom twigs and balance foliage against hills.,,,color_cast: channel means 116/88/68,"Adjust exposure: +0.3 EV | Correct white balance: neutralise the cast, damped | Recover highlights and lift shadows: moderate | Add contrast: restrained S-curve | Do not apply aggressive sharpening: halos cost more than they buy",123RF; Adobe Stock; Alamy; Depositphotos; Dreamstime; Pond5; Shutterstock; Getty Images / iStock,,P1019543.JPG,1,True,24.0,0.0,camera_original,keep_in_place,,ok,
d47f7339b40bbd52,P1019544.JPG,GOOD_PERSONAL,72,0,/Users/vitaliikarasov/Desktop/photo-ai-toolkit/photos/P1019544.JPG,photo,review,editorial,69,66,71,5,78,76,39,75,60,100,87,reportage,,Crop foreground blur and emphasize the active settlement.,,,color_cast: channel means 112/93/69; mild_noise: sigma 4.6,"Adjust exposure: +0.3 EV | Correct white balance: neutralise the cast, damped | Recover highlights and lift shadows: moderate | Add contrast: restrained S-curve | Straighten: rotate 7.2° anticlockwise | Apply luminance denoise: restrained | Do not apply aggressive sharpening: halos cost more than they buy",Alamy; 123RF; Adobe Stock; Depositphotos; Dreamstime; Pond5; Shutterstock; Getty Images / iStock,Readable trademark present: editorial only unless cleared,P1019544.JPG,1,True,24.0,0.0,camera_original,hold_for_review,,ok,
ba873857fcaf4a61,P1019545.JPG,GOOD_PERSONAL,78,0,/Users/vitaliikarasov/Desktop/photo-ai-toolkit/photos/P1019545.JPG,photo,review,editorial,72,65,71,6,78,86,38,83,60,100,87,reportage,,Increase local contrast and retain full event context.,,,color_cast: channel means 104/89/71; mild_noise: sigma 4.7,Adjust exposure: +0.4 EV | Straighten: rotate 1.8° anticlockwise | Apply luminance denoise: restrained | Do not apply aggressive sharpening: halos cost more than they buy,Alamy; 123RF; Adobe Stock; Depositphotos; Dreamstime; Pond5; Shutterstock; Getty Images / iStock,Readable trademark present: editorial only unless cleared,P1019545.JPG,1,True,24.0,0.0,camera_original,hold_for_review,,ok,
2b0dd054b1bb9b25,P1019549.JPG,GOOD_STOCK,63,0,/Users/vitaliikarasov/Desktop/photo-ai-toolkit/photos/P1019549.JPG,photo,stock_strong,commercial,67,58,68,10,78,51,72,54,100,79,87,landscape,,Open shadows selectively and protect the sunlit reflection.,,,underexposed: mean luma 62; color_cast: channel means 75/60/43; mild_noise: sigma 6.4,"Adjust exposure: +0.9 EV | Correct white balance: neutralise the cast, damped | Recover highlights and lift shadows: moderate | Crop: 16:9 crop -- keep 84% of the frame (x 0-512, y 0-288 of the working image) | Apply luminance denoise: restrained | Do not apply aggressive sharpening: halos cost more than they buy",123RF; Adobe Stock; Alamy; Depositphotos; Dreamstime; Pond5; Shutterstock; Getty Images / iStock,,P1019549.JPG,2,True,24.0,0.0,camera_original,keep_in_place,,ok,
da24fde8f8ae40b7,P1019550.JPG,GOOD_STOCK,54,0,/Users/vitaliikarasov/Desktop/photo-ai-toolkit/photos/P1019550.JPG,photo,stock_standard,commercial,57,58,68,10,78,26,60,30,100,79,87,landscape,,Crop dark foreground and separate tangled branches tonally.,,,underexposed: mean luma 60; color_cast: channel means 72/58/43; mild_noise: sigma 6.6,"Adjust exposure: +1.0 EV | Correct white balance: neutralise the cast, damped | Recover highlights and lift shadows: moderate | Crop: 16:9 crop -- keep 84% of the frame (x 0-512, y 0-288 of the working image) | Apply luminance denoise: restrained | Do not apply aggressive sharpening: halos cost more than they buy",123RF; Adobe Stock; Alamy; Depositphotos; Dreamstime; Pond5; Shutterstock; Getty Images / iStock,,P1019549.JPG,2,False,24.0,0.0,camera_original,keep_in_place,,ok,
191b39690e047593,P1019551.JPG,GOOD_STOCK,71,0,/Users/vitaliikarasov/Desktop/photo-ai-toolkit/photos/P1019551.JPG,photo,stock_standard,commercial,70,64,70,6,78,61,60,59,100,100,87,architecture,,Crop side distractions and emphasize shrine entrance details,,,color_cast: channel means 126/85/47; mild_noise: sigma 6.3,Adjust exposure: +0.3 EV | Apply luminance denoise: restrained | Do not apply aggressive sharpening: halos cost more than they buy,123RF; Adobe Stock; Alamy; Depositphotos; Dreamstime; Pond5; Shutterstock; Getty Images / iStock,,P1019551.JPG,1,True,24.0,0.0,camera_original,keep_in_place,,ok,
5fbb9d82d7ecc312,P1019552.JPG,GOOD_STOCK,73,0,/Users/vitaliikarasov/Desktop/photo-ai-toolkit/photos/P1019552.JPG,photo,stock_strong,commercial,72,69,73,4,78,56,75,55,100,100,87,architecture,,Correct verticals and balance warm wood against red backdrop,,,color_cast: channel means 124/89/60; mild_noise: sigma 5.6,"Adjust exposure: +0.3 EV | Correct white balance: neutralise the cast, damped | Recover highlights and lift shadows: moderate | Add contrast: restrained S-curve | Straighten: rotate 1.8° anticlockwise | Apply luminance denoise: restrained | Do not apply aggressive sharpening: halos cost more than they buy",123RF; Adobe Stock; Alamy; Depositphotos; Dreamstime; Pond5; Shutterstock; Getty Images / iStock,,P1019552.JPG,1,True,24.0,0.0,camera_original,keep_in_place,,ok,
d0146f1111139873,P1019553.JPG,GOOD_STOCK,69,0,/Users/vitaliikarasov/Desktop/photo-ai-toolkit/photos/P1019553.JPG,photo,stock_strong,commercial,68,68,73,5,78,47,70,47,100,100,87,architecture,,Straighten architecture and gently open the statue shadows,,,color_cast: channel means 119/86/59; mild_noise: sigma 5.4,"Adjust exposure: +0.3 EV | Correct white balance: neutralise the cast, damped | Straighten: rotate 1.2° anticlockwise | Apply luminance denoise: restrained | Do not apply aggressive sharpening: halos cost more than they buy",123RF; Adobe Stock; Alamy; Depositphotos; Dreamstime; Pond5; Shutterstock; Getty Images / iStock,,P1019553.JPG,1,True,24.0,0.0,camera_original,keep_in_place,,ok,
2d6360b0aff8af6b,P1019554.JPG,GOOD_STOCK,67,0,/Users/vitaliikarasov/Desktop/photo-ai-toolkit/photos/P1019554.JPG,photo,stock_standard,commercial,68,67,72,5,78,49,66,50,100,100,87,architecture,,Crop lower pedestal slightly and strengthen central tonal separation,,,color_cast: channel means 117/84/57; mild_noise: sigma 5.5,"Adjust exposure: +0.4 EV | Correct white balance: neutralise the cast, damped | Straighten: rotate 1.8° anticlockwise | Apply luminance denoise: restrained | Do not apply aggressive sharpening: halos cost more than they buy",123RF; Adobe Stock; Alamy; Depositphotos; Dreamstime; Pond5; Shutterstock; Getty Images / iStock,,P1019554.JPG,1,True,24.0,0.0,camera_original,keep_in_place,,ok,
d2ebeacfe845c2f5,P1019555.JPG,GOOD_STOCK,66,0,/Users/vitaliikarasov/Desktop/photo-ai-toolkit/photos/P1019555.JPG,photo,stock_strong,commercial,75,56,62,6,78,72,80,74,100,100,92,landscape,,Open mountain shadows and retain ample sky for copy,,,,"Adjust exposure: +0.4 EV | Correct white balance: neutralise the cast, damped | Straighten: rotate 0.8° clockwise | Do not apply aggressive sharpening: halos cost more than they buy",123RF; Adobe Stock; Alamy; Depositphotos; Dreamstime; Pond5; Shutterstock; Getty Images / iStock,,P1019555.JPG,1,True,24.0,0.0,camera_original,keep_in_place,,ok,
27cd6766b0e369d1,P1019556.JPG,GOOD_PERSONAL,49,0,/Users/vitaliikarasov/Desktop/photo-ai-toolkit/photos/P1019556.JPG,photo,review,commercial,55,28,40,12,78,61,44,45,100,100,92,landscape,,Recover dark shoreline and protect the luminous reflection,,,underexposed: mean luma 58,"Adjust exposure: +1.0 EV | Correct white balance: neutralise the cast, damped | Recover highlights and lift shadows: moderate | Crop: 4:5 crop -- keep 53% of the frame (x 132-404, y 1-341 of the working image) | Straighten: rotate 1.2° anticlockwise | Do not apply aggressive sharpening: halos cost more than they buy",123RF; Adobe Stock; Alamy; Depositphotos; Dreamstime; Pond5; Shutterstock; Getty Images / iStock,,P1019556.JPG,1,True,24.0,0.0,camera_original,hold_for_review,,ok,
48004edfe625b87a,P1019557.JPG,GOOD_STOCK,66,0,/Users/vitaliikarasov/Desktop/photo-ai-toolkit/photos/P1019557.JPG,photo,stock_standard,commercial,73,53,65,12,78,76,59,77,100,100,92,landscape,,Crop dark foreground and lift mountain detail selectively,,,,"Adjust exposure: +0.6 EV | Correct white balance: neutralise the cast, damped | Recover highlights and lift shadows: moderate | Crop: gentle crop -- keep 54% of the frame (x 75-394, y 20-314 of the working image) | Straighten: rotate 3.2° clockwise | Do not apply aggressive sharpening: halos cost more than they buy",123RF; Adobe Stock; Alamy; Depositphotos; Dreamstime; Pond5; Shutterstock; Getty Images / iStock,,P1019557.JPG,1,True,24.0,0.0,camera_original,keep_in_place,,ok,
713fad635ed11846,P1019558.JPG,GOOD_STOCK,63,0,/Users/vitaliikarasov/Desktop/photo-ai-toolkit/photos/P1019558.JPG,photo,stock_standard,commercial,68,66,75,9,67,54,49,57,100,100,87,landscape,,Crop railway foreground and pull back rendered sky brightness,,some_clipped_highlights: 4.0%,,"Adjust exposure: -0.3 EV | Correct white balance: neutralise the cast, damped | Straighten: rotate 3.2° anticlockwise | Do not apply aggressive sharpening: halos cost more than they buy",123RF; Adobe Stock; Alamy; Depositphotos; Dreamstime; Pond5; Shutterstock; Getty Images / iStock,,P1019558.JPG,1,True,24.0,0.0,camera_original,keep_in_place,,ok,
dfdbf595b49cdc26,P1019559.JPG,GOOD_STOCK,62,0,/Users/vitaliikarasov/Desktop/photo-ai-toolkit/photos/P1019559.JPG,photo,stock_standard,commercial,68,72,79,7,67,48,50,53,100,100,87,landscape,,Remove excess gravel foreground and restore cloud definition,,some_clipped_highlights: 4.0%,,"Adjust exposure: -0.2 EV | Correct white balance: neutralise the cast, damped | Straighten: rotate 3.2° anticlockwise | Do not apply aggressive sharpening: halos cost more than they buy",123RF; Adobe Stock; Alamy; Depositphotos; Dreamstime; Pond5; Shutterstock; Getty Images / iStock,,P1019559.JPG,1,True,24.0,0.0,camera_original,keep_in_place,,ok,
95d08c5dd462822d,P1019560.JPG,GOOD_STOCK,70,0,/Users/vitaliikarasov/Desktop/photo-ai-toolkit/photos/P1019560.JPG,photo,stock_strong,commercial,74,68,75,7,67,57,80,59,100,100,87,landscape,,Recover highlights and crop partial ducks at right,,some_clipped_highlights: 4.6%,,"Adjust exposure: -0.3 EV | Correct white balance: neutralise the cast, damped | Recover highlights and lift shadows: moderate | Crop: 16:9 crop -- keep 84% of the frame (x 0-512, y 35-323 of the working image) | Straighten: rotate 3.8° anticlockwise | Do not apply aggressive sharpening: halos cost more than they buy",123RF; Adobe Stock; Alamy; Depositphotos; Dreamstime; Pond5; Shutterstock; Getty Images / iStock,,P1019560.JPG,1,True,24.0,0.0,camera_original,keep_in_place,,ok,
387dff575165d341,P1019561.JPG,GOOD_STOCK,67,0,/Users/vitaliikarasov/Desktop/photo-ai-toolkit/photos/P1019561.JPG,photo,stock_standard,commercial,74,62,73,11,67,66,65,68,100,100,87,landscape,,Balance ducks against boat and retain reflective water texture,,some_clipped_highlights: 5.1%,mild_noise: sigma 3.9,"Adjust exposure: -0.3 EV | Correct white balance: neutralise the cast, damped | Recover highlights and lift shadows: moderate | Add contrast: restrained S-curve | Straighten: rotate 0.8° anticlockwise | Apply luminance denoise: restrained | Do not apply aggressive sharpening: halos cost more than they buy",123RF; Adobe Stock; Alamy; Depositphotos; Dreamstime; Pond5; Shutterstock; Getty Images / iStock,,P1019561.JPG,1,True,24.0,0.0,camera_original,keep_in_place,,ok,
48ac4968f2244ad1,P1019562.JPG,GOOD_STOCK,73,0,/Users/vitaliikarasov/Desktop/photo-ai-toolkit/photos/P1019562.JPG,photo,stock_strong,commercial,78,61,72,11,67,76,70,77,100,100,87,landscape,,"Recover sun, add contrast, crop isolated right duck",,some_clipped_highlights: 5.3%,mild_noise: sigma 3.7,"Adjust exposure: -0.4 EV | Correct white balance: neutralise the cast, damped | Recover highlights and lift shadows: moderate | Add contrast: restrained S-curve | Straighten: rotate 4.2° anticlockwise | Apply luminance denoise: restrained | Do not apply aggressive sharpening: halos cost more than they buy",123RF; Adobe Stock; Alamy; Depositphotos; Dreamstime; Pond5; Shutterstock; Getty Images / iStock,,P1019562.JPG,1,True,24.0,0.0,camera_original,keep_in_place,,ok,
cae28fbcd721fee8,P1019563.JPG,GOOD_STOCK,74,0,/Users/vitaliikarasov/Desktop/photo-ai-toolkit/photos/P1019563.JPG,photo,stock_strong,commercial,76,58,69,11,67,74,81,73,100,80,87,landscape,,Tighten right edge and protect bright cloud detail,,some_clipped_highlights: 5.1%,mild_noise: sigma 3.6,"Adjust exposure: -0.4 EV | Correct white balance: neutralise the cast, damped | Recover highlights and lift shadows: moderate | Add contrast: restrained S-curve | Straighten: rotate 1.8° anticlockwise | Apply luminance denoise: restrained | Do not apply aggressive sharpening: halos cost more than they buy",123RF; Adobe Stock; Alamy; Depositphotos; Dreamstime; Pond5; Shutterstock; Getty Images / iStock,,P1019563.JPG,2,True,24.0,0.0,camera_original,keep_in_place,,ok,
ef78a66e0ea3f46a,P1019564.JPG,GOOD_STOCK,74,0,/Users/vitaliikarasov/Desktop/photo-ai-toolkit/photos/P1019564.JPG,photo,stock_strong,commercial,74,58,69,11,67,67,84,66,100,80,87,landscape,,Recover highlights and refine crop around duck procession,,some_clipped_highlights: 5.1%,mild_noise: sigma 3.4,"Adjust exposure: -0.4 EV | Correct white balance: neutralise the cast, damped | Recover highlights and lift shadows: moderate | Add contrast: restrained S-curve | Straighten: rotate 3.2° anticlockwise | Apply luminance denoise: restrained | Do not apply aggressive sharpening: halos cost more than they buy",123RF; Adobe Stock; Alamy; Depositphotos; Dreamstime; Pond5; Shutterstock; Getty Images / iStock,,P1019563.JPG,2,False,24.0,0.0,camera_original,keep_in_place,,ok,
eca4b995c2d6208e,P1019565.JPG,GOOD_STOCK,52,0,/Users/vitaliikarasov/Desktop/photo-ai-toolkit/photos/P1019565.JPG,photo,stock_standard,commercial,56,41,51,10,67,52,48,49,100,80,87,landscape,,Lower highlights and emphasize ducks crossing reflection,,some_clipped_highlights: 6.2%,,"Adjust exposure: -0.6 EV | Correct white balance: neutralise the cast, damped | Recover highlights and lift shadows: moderate | Crop: 16:9 crop -- keep 84% of the frame (x 0-512, y 46-334 of the working image) | Do not apply aggressive sharpening: halos cost more than they buy",123RF; Adobe Stock; Alamy; Depositphotos; Dreamstime; Pond5; Shutterstock; Getty Images / iStock,,P1019566.JPG,2,False,24.0,0.0,camera_original,keep_in_place,,ok,
71d2052f32f918e9,P1019566.JPG,GOOD_STOCK,62,0,/Users/vitaliikarasov/Desktop/photo-ai-toolkit/photos/P1019566.JPG,photo,stock_standard,commercial,61,41,51,10,67,66,54,58,100,80,87,landscape,,Recover sun and strengthen layered duck silhouettes,,some_clipped_highlights: 5.6%,,"Adjust exposure: -0.6 EV | Correct white balance: neutralise the cast, damped | Recover highlights and lift shadows: moderate | Crop: 16:9 crop -- keep 84% of the frame (x 0-512, y 46-334 of the working image) | Straighten: rotate 1.2° anticlockwise | Do not apply aggressive sharpening: halos cost more than they buy",123RF; Adobe Stock; Alamy; Depositphotos; Dreamstime; Pond5; Shutterstock; Getty Images / iStock,,P1019566.JPG,2,True,24.0,0.0,camera_original,keep_in_place,,ok,
8cbe5b07ef51329c,P1019567.JPG,GOOD_PERSONAL,77,0,/Users/vitaliikarasov/Desktop/photo-ai-toolkit/photos/P1019567.JPG,photo,review,editorial,68,76,83,7,67,62,37,61,60,100,87,reportage,,Open boat shadows and retain Japanese boarding signage,,some_clipped_highlights: 3.5%,,"Adjust exposure: -0.2 EV | Correct white balance: neutralise the cast, damped | Recover highlights and lift shadows: moderate | Add contrast: restrained S-curve | Straighten: rotate 0.8° anticlockwise | Do not apply aggressive sharpening: halos cost more than they buy",Alamy; 123RF; Adobe Stock; Depositphotos; Dreamstime; Pond5; Shutterstock; Getty Images / iStock,Readable trademark present: editorial only unless cleared,P1019567.JPG,1,True,24.0,0.0,camera_original,hold_for_review,,ok,
69b82080d2ff83de,P1019568.JPG,GOOD_PERSONAL,76,0,/Users/vitaliikarasov/Desktop/photo-ai-toolkit/photos/P1019568.JPG,photo,review,editorial,66,77,83,6,67,53,41,52,60,100,87,reportage,,Lift dock shadows and preserve mountain cloud structure,,some_clipped_highlights: 3.2%,,"Adjust exposure: -0.2 EV | Correct white balance: neutralise the cast, damped | Recover highlights and lift shadows: moderate | Add contrast: restrained S-curve | Do not apply aggressive sharpening: halos cost more than they buy",Alamy; 123RF; Adobe Stock; Depositphotos; Dreamstime; Pond5; Shutterstock; Getty Images / iStock,Readable trademark present: editorial only unless cleared,P1019568.JPG,1,True,24.0,0.0,camera_original,hold_for_review,,ok,
47b2708ed78abfa2,P1019569.JPG,GOOD_STOCK,79,0,/Users/vitaliikarasov/Desktop/photo-ai-toolkit/photos/P1019569.JPG,photo,stock_standard,commercial,82,79,85,6,67,88,51,86,100,100,87,reportage,,Keep the tilt; recover signs and bright sky,,some_clipped_highlights: 3.2%,,"Correct white balance: neutralise the cast, damped | Recover highlights and lift shadows: moderate | Add contrast: restrained S-curve | Straighten: rotate 6.2° anticlockwise | Do not apply aggressive sharpening: halos cost more than they buy",123RF; Adobe Stock; Alamy; Depositphotos; Dreamstime; Pond5; Shutterstock; Getty Images / iStock,,P1019569.JPG,1,True,24.0,0.0,camera_original,keep_in_place,,ok,
8fc7d64d69bacf36,P1019570.JPG,GOOD_STOCK,79,0,/Users/vitaliikarasov/Desktop/photo-ai-toolkit/photos/P1019570.JPG,photo,stock_standard,commercial,82,79,85,6,78,84,57,82,100,100,92,reportage,,Balance sign prominence against the dock's strong leading line,,,,"Correct white balance: neutralise the cast, damped | Recover highlights and lift shadows: moderate | Add contrast: restrained S-curve | Straighten: rotate 5.2° anticlockwise | Do not apply aggressive sharpening: halos cost more than they buy",123RF; Adobe Stock; Alamy; Depositphotos; Dreamstime; Pond5; Shutterstock; Getty Images / iStock,,P1019570.JPG,1,True,24.0,0.0,camera_original,keep_in_place,,ok,
b8a3b529595dcbbd,P1019571.JPG,GOOD_PERSONAL,53,0,/Users/vitaliikarasov/Desktop/photo-ai-toolkit/photos/P1019571.JPG,photo,review,editorial,57,66,78,12,78,38,23,45,55,100,92,portrait,,Lift face heavily and crop distracting lower sign,,,mild_noise: sigma 4.8,"Adjust exposure: +0.5 EV | Correct white balance: neutralise the cast, damped | Recover highlights and lift shadows: moderate | Crop: 16:9 crop -- keep 84% of the frame (x 0-512, y 18-306 of the working image) | Straighten: rotate 2.2° anticlockwise | Apply luminance denoise: restrained | Do not apply aggressive sharpening: halos cost more than they buy",Alamy; 123RF; Adobe Stock; Depositphotos; Dreamstime; Pond5; Shutterstock; Getty Images / iStock,Model release required before commercial licensing,P1019571.JPG,1,True,24.0,0.0,camera_original,hold_for_review,,ok,
e59db279e5e0fb8e,P1019572.JPG,GOOD_PERSONAL,69,0,/Users/vitaliikarasov/Desktop/photo-ai-toolkit/photos/P1019572.JPG,photo,review,editorial,68,78,86,8,78,63,29,67,55,100,92,portrait,,Lift face and crop left sign without crowding subject,,,mild_noise: sigma 5.6,"Adjust exposure: +0.3 EV | Correct white balance: neutralise the cast, damped | Recover highlights and lift shadows: moderate | Add contrast: restrained S-curve | Straighten: rotate 3.2° anticlockwise | Apply luminance denoise: restrained | Do not apply aggressive sharpening: halos cost more than they buy",Alamy; 123RF; Adobe Stock; Depositphotos; Dreamstime; Pond5; Shutterstock; Getty Images / iStock,Model release required before commercial licensing,P1019572.JPG,1,True,24.0,0.0,camera_original,hold_for_review,,ok,
cd252a3823a5f829,P1019573.JPG,GOOD_PERSONAL,79,0,/Users/vitaliikarasov/Desktop/photo-ai-toolkit/photos/P1019573.JPG,photo,review,editorial,71,88,89,1,78,73,35,74,55,80,92,portrait,,Refine face tones and crop the partial foreground sign,,,mild_noise: sigma 3.6,"Correct white balance: neutralise the cast, damped | Recover highlights and lift shadows: moderate | Add contrast: restrained S-curve | Straighten: rotate 2.8° anticlockwise | Apply luminance denoise: restrained | Do not apply aggressive sharpening: halos cost more than they buy",Alamy; 123RF; Adobe Stock; Depositphotos; Dreamstime; Pond5; Shutterstock; Getty Images / iStock,Model release required before commercial licensing,P1019575.JPG,2,False,24.0,0.0,camera_original,hold_for_review,,ok,
a84b96b69c213c15,P1019574.JPG,GOOD_PERSONAL,66,0,/Users/vitaliikarasov/Desktop/photo-ai-toolkit/photos/P1019574.JPG,photo,review,editorial,64,92,93,1,78,41,30,47,55,100,92,portrait,,Use a tighter crop and add local facial contrast,,,mild_noise: sigma 7.4,"Correct white balance: neutralise the cast, damped | Recover highlights and lift shadows: moderate | Add contrast: restrained S-curve | Straighten: rotate 1.8° anticlockwise | Apply luminance denoise: restrained | Do not apply aggressive sharpening: halos cost more than they buy",Alamy; 123RF; Adobe Stock; Depositphotos; Dreamstime; Pond5; Shutterstock; Getty Images / iStock,Model release required before commercial licensing,P1019574.JPG,1,True,24.0,0.0,camera_original,hold_for_review,,ok,
3827f4f90a1f9640,P1019575.JPG,GOOD_PERSONAL,70,0,/Users/vitaliikarasov/Desktop/photo-ai-toolkit/photos/P1019575.JPG,photo,review,editorial,65,91,92,1,78,52,31,57,55,80,92,portrait,,Sharpen face selectively and reduce competition from signage,,,mild_noise: sigma 7.1,"Correct white balance: neutralise the cast, damped | Recover highlights and lift shadows: moderate | Add contrast: restrained S-curve | Straighten: rotate 2.8° anticlockwise | Apply luminance denoise: restrained | Do not apply aggressive sharpening: halos cost more than they buy",Alamy; 123RF; Adobe Stock; Depositphotos; Dreamstime; Pond5; Shutterstock; Getty Images / iStock,Model release required before commercial licensing,P1019575.JPG,2,True,24.0,0.0,camera_original,hold_for_review,,ok,
e35085a2ed4ba730,P1019576.JPG,GOOD_PERSONAL,75,0,/Users/vitaliikarasov/Desktop/photo-ai-toolkit/photos/P1019576.JPG,photo,review,editorial,71,93,94,1,78,61,32,65,55,100,92,portrait,,Crop lower edge and lift subject against dark shoreline,,,mild_noise: sigma 6.4,"Correct white balance: neutralise the cast, damped | Recover highlights and lift shadows: moderate | Add contrast: restrained S-curve | Straighten: rotate 1.8° anticlockwise | Apply luminance denoise: restrained | Do not apply aggressive sharpening: halos cost more than they buy",Alamy; 123RF; Adobe Stock; Depositphotos; Dreamstime; Pond5; Shutterstock; Getty Images / iStock,Model release required before commercial licensing,P1019576.JPG,1,True,24.0,0.0,camera_original,hold_for_review,,ok,
991c491fe817522c,P1019577.JPG,GOOD_PERSONAL,78,0,/Users/vitaliikarasov/Desktop/photo-ai-toolkit/photos/P1019577.JPG,photo,review,editorial,70,74,84,10,67,79,27,79,55,80,87,portrait,,"Recover sky, lift face, and crop into a decisive portrait",,some_clipped_highlights: 6.3%,,"Correct white balance: neutralise the cast, damped | Recover highlights and lift shadows: moderate | Add contrast: restrained S-curve | Straighten: rotate 2.8° clockwise | Do not apply aggressive sharpening: halos cost more than they buy",Alamy; 123RF; Adobe Stock; Depositphotos; Dreamstime; Pond5; Shutterstock; Getty Images / iStock,Model release required before commercial licensing,P1019577.JPG,2,True,24.0,0.0,camera_original,hold_for_review,,ok,
93b3cefe0c90bf7c,P1019578.JPG,GOOD_PERSONAL,69,0,/Users/vitaliikarasov/Desktop/photo-ai-toolkit/photos/P1019578.JPG,photo,duplicate_candidate,editorial,54,64,77,13,67,59,31,59,55,3,87,portrait,,Recover highlights and add restrained facial contrast,,some_clipped_highlights: 8.5%; weaker_duplicate: a sharper frame exists in cluster P1019577.JPG (quality 10 points higher),,"Correct white balance: neutralise the cast, damped | Recover highlights and lift shadows: moderate | Add contrast: restrained S-curve | Straighten: rotate 1.8° clockwise | Do not apply aggressive sharpening: halos cost more than they buy",Alamy; 123RF; Adobe Stock; Depositphotos; Dreamstime; Pond5; Shutterstock; Getty Images / iStock,Model release required before commercial licensing,P1019577.JPG,2,False,24.0,0.0,camera_original,compare_by_hand,,ok,
5cce6acbb09cde62,P1019579.JPG,GOOD_PERSONAL,63,0,/Users/vitaliikarasov/Desktop/photo-ai-toolkit/photos/P1019579.JPG,photo,review,editorial,67,62,72,10,67,69,36,73,55,100,87,portrait,,Lift face and crop the severed foreground sign,,some_clipped_highlights: 6.5%,,"Adjust exposure: -0.2 EV | Correct white balance: neutralise the cast, damped | Recover highlights and lift shadows: moderate | Add contrast: restrained S-curve | Do not apply aggressive sharpening: halos cost more than they buy",Alamy; 123RF; Adobe Stock; Depositphotos; Dreamstime; Pond5; Shutterstock; Getty Images / iStock,Model release required before commercial licensing,P1019579.JPG,1,True,24.0,0.0,camera_original,hold_for_review,,ok,
15338f9ef56ace86,P1019580.JPG,GOOD_PERSONAL,67,0,/Users/vitaliikarasov/Desktop/photo-ai-toolkit/photos/P1019580.JPG,photo,review,editorial,69,64,71,7,67,75,42,78,55,100,87,portrait,,Lift subject selectively while preserving the backlit mood,,some_clipped_highlights: 3.5%,,"Adjust exposure: -0.2 EV | Correct white balance: neutralise the cast, damped | Recover highlights and lift shadows: moderate | Crop: 16:9 crop -- keep 84% of the frame (x 0-512, y 48-336 of the working image) | Straighten: rotate 0.8° anticlockwise | Do not apply aggressive sharpening: halos cost more than they buy",Alamy; 123RF; Adobe Stock; Depositphotos; Dreamstime; Pond5; Shutterstock; Getty Images / iStock,Model release required before commercial licensing,P1019580.JPG,1,True,24.0,0.0,camera_original,hold_for_review,,ok,
df6b5894380445a2,P1019581.JPG,GOOD_PERSONAL,58,0,/Users/vitaliikarasov/Desktop/photo-ai-toolkit/photos/P1019581.JPG,photo,review,editorial,65,56,66,10,78,72,30,77,55,100,92,portrait,,Recover face carefully and emphasize the rim light,,,,"Adjust exposure: -0.3 EV | Correct white balance: neutralise the cast, damped | Recover highlights and lift shadows: moderate | Crop: 16:9 crop -- keep 84% of the frame (x 0-512, y 53-341 of the working image) | Straighten: rotate 1.2° clockwise | Do not apply aggressive sharpening: halos cost more than they buy",Alamy; 123RF; Adobe Stock; Depositphotos; Dreamstime; Pond5; Shutterstock; Getty Images / iStock,Model release required before commercial licensing,P1019581.JPG,1,True,24.0,0.0,camera_original,hold_for_review,,ok,
1d81c1e27bfabfe9,P1019582.JPG,GOOD_PERSONAL,51,0,/Users/vitaliikarasov/Desktop/photo-ai-toolkit/photos/P1019582.JPG,photo,review,editorial,59,48,67,19,78,59,20,63,55,100,92,portrait,,Reject for irrecoverable subject softness,,,,"Adjust exposure: -0.2 EV | Correct white balance: neutralise the cast, damped | Recover highlights and lift shadows: moderate | Add contrast: restrained S-curve | Do not apply aggressive sharpening: halos cost more than they buy",Alamy; 123RF; Adobe Stock; Depositphotos; Dreamstime; Pond5; Shutterstock; Getty Images / iStock,Model release required before commercial licensing,P1019582.JPG,1,True,24.0,0.0,camera_original,hold_for_review,,ok,
aefef7c86b27497f,P1019583.JPG,GOOD_PERSONAL,68,0,/Users/vitaliikarasov/Desktop/photo-ai-toolkit/photos/P1019583.JPG,photo,stock_standard,editorial,64,63,73,10,67,50,52,52,55,100,87,portrait,,Lift face and retain generous environmental context,,some_clipped_highlights: 5.7%,,"Adjust exposure: -0.3 EV | Correct white balance: neutralise the cast, damped | Recover highlights and lift shadows: moderate | Add contrast: restrained S-curve | Straighten: rotate 1.2° anticlockwise | Do not apply aggressive sharpening: halos cost more than they buy",Alamy; 123RF; Adobe Stock; Depositphotos; Dreamstime; Pond5; Shutterstock; Getty Images / iStock,Model release required before commercial licensing,P1019583.JPG,1,True,24.0,0.0,camera_original,keep_in_place,,ok,
d12ad625fb532d5a,P1019584.JPG,GOOD_PERSONAL,65,0,/Users/vitaliikarasov/Desktop/photo-ai-toolkit/photos/P1019584.JPG,photo,review,editorial,62,66,72,6,78,53,39,55,55,100,92,portrait,,Open facial shadows and crop slightly from top,,,,"Adjust exposure: -0.3 EV | Correct white balance: neutralise the cast, damped | Recover highlights and lift shadows: moderate | Crop: 16:9 crop -- keep 84% of the frame (x 0-512, y 50-338 of the working image) | Straighten: rotate 1.8° anticlockwise | Do not apply aggressive sharpening: halos cost more than they buy",Alamy; 123RF; Adobe Stock; Depositphotos; Dreamstime; Pond5; Shutterstock; Getty Images / iStock,Model release required before commercial licensing,P1019584.JPG,1,True,24.0,0.0,camera_original,hold_for_review,,ok,
abeb951ef23c26c1,P1019585.JPG,GOOD_PERSONAL,57,0,/Users/vitaliikarasov/Desktop/photo-ai-toolkit/photos/P1019585.JPG,photo,review,editorial,62,65,70,5,78,54,36,60,55,100,92,portrait,,Lift face while keeping the dramatic silhouette,,,,"Adjust exposure: -0.2 EV | Correct white balance: neutralise the cast, damped | Recover highlights and lift shadows: moderate | Add contrast: restrained S-curve | Straighten: rotate 0.8° anticlockwise | Do not apply aggressive sharpening: halos cost more than they buy",Alamy; 123RF; Adobe Stock; Depositphotos; Dreamstime; Pond5; Shutterstock; Getty Images / iStock,Model release required before commercial licensing,P1019585.JPG,1,True,24.0,0.0,camera_original,hold_for_review,,ok,
8c3b2422e156e27f,P1019586.JPG,GOOD_PERSONAL,79,0,/Users/vitaliikarasov/Desktop/photo-ai-toolkit/photos/P1019586.JPG,photo,stock_standard,editorial,82,85,86,1,78,95,51,94,55,100,92,portrait,,Crop lower edge and emphasize the hand gesture,,,mild_noise: sigma 4.1,"Correct white balance: neutralise the cast, damped | Recover highlights and lift shadows: moderate | Add contrast: restrained S-curve | Straighten: rotate 4.2° anticlockwise | Apply luminance denoise: restrained | Do not apply aggressive sharpening: halos cost more than they buy",Alamy; 123RF; Adobe Stock; Depositphotos; Dreamstime; Pond5; Shutterstock; Getty Images / iStock,Model release required before commercial licensing,P1019586.JPG,1,True,24.0,0.0,camera_original,keep_in_place,,ok,
2c926ebfb0ceb735,P1019587.JPG,WEAK,38,0,/Users/vitaliikarasov/Desktop/photo-ai-toolkit/photos/P1019587.JPG,photo,review,editorial,72,81,84,3,78,77,32,78,55,100,92,portrait,,Preserve closed-eye stillness; crop slightly from lower left.,,,,"Correct white balance: neutralise the cast, damped | Recover highlights and lift shadows: moderate | Add contrast: restrained S-curve | Straighten: rotate 3.2° anticlockwise | Do not apply aggressive sharpening: halos cost more than they buy",Alamy; 123RF; Adobe Stock; Depositphotos; Dreamstime; Pond5; Shutterstock; Getty Images / iStock,Model release required before commercial licensing,P1019587.JPG,1,True,24.0,0.0,camera_original,hold_for_review,,ok,
064e403527018698,P1019588.JPG,GOOD_PERSONAL,52,0,/Users/vitaliikarasov/Desktop/photo-ai-toolkit/photos/P1019588.JPG,photo,review,editorial,57,66,70,4,78,41,31,47,55,100,92,portrait,,Lift deep shadows and tighten around figure and boat.,,,,"Adjust exposure: -0.3 EV | Correct white balance: neutralise the cast, damped | Recover highlights and lift shadows: moderate | Crop: 16:9 crop -- keep 84% of the frame (x 0-512, y 53-341 of the working image) | Straighten: rotate 1.8° anticlockwise | Do not apply aggressive sharpening: halos cost more than they buy",Alamy; 123RF; Adobe Stock; Depositphotos; Dreamstime; Pond5; Shutterstock; Getty Images / iStock,Model release required before commercial licensing,P1019588.JPG,1,True,24.0,0.0,camera_original,hold_for_review,,ok,
610b7a2db9c32414,P1019589.JPG,GOOD_PERSONAL,51,0,/Users/vitaliikarasov/Desktop/photo-ai-toolkit/photos/P1019589.JPG,photo,review,editorial,52,23,50,27,67,47,37,44,55,100,87,portrait,,Pull back rendered sky and crop distracting lower sign.,,some_clipped_highlights: 27.7%,,"Adjust exposure: -0.5 EV | Correct white balance: neutralise the cast, damped | Recover highlights and lift shadows: moderate | Crop: 16:9 crop -- keep 84% of the frame (x 0-512, y 53-341 of the working image) | Straighten: rotate 0.8° anticlockwise | Do not apply aggressive sharpening: halos cost more than they buy",Alamy; 123RF; Adobe Stock; Depositphotos; Dreamstime; Pond5; Shutterstock; Getty Images / iStock,Model release required before commercial licensing,P1019589.JPG,1,True,24.0,0.0,camera_original,hold_for_review,,ok,
b6b105aeb2ff5949,P1019590.JPG,GOOD_PERSONAL,59,0,/Users/vitaliikarasov/Desktop/photo-ai-toolkit/photos/P1019590.JPG,photo,review,editorial,59,23,50,27,67,73,44,67,55,79,87,portrait,,Retain distinctive expression; recover sky and refine lower crop.,,some_clipped_highlights: 28.8%,,"Adjust exposure: -0.5 EV | Correct white balance: neutralise the cast, damped | Recover highlights and lift shadows: moderate | Crop: 16:9 crop -- keep 84% of the frame (x 0-512, y 53-341 of the working image) | Do not apply aggressive sharpening: halos cost more than they buy",Alamy; 123RF; Adobe Stock; Depositphotos; Dreamstime; Pond5; Shutterstock; Getty Images / iStock,Model release required before commercial licensing,P1019591.JPG,2,False,24.0,0.0,camera_original,hold_for_review,,ok,
8e1afa9b8bccdfb5,P1019591.JPG,GOOD_PERSONAL,62,0,/Users/vitaliikarasov/Desktop/photo-ai-toolkit/photos/P1019591.JPG,photo,stock_standard,editorial,60,24,52,28,67,72,48,67,55,79,87,portrait,,"Recover sky, preserve off-camera expression, crop sign slightly.",,some_clipped_highlights: 29.9%,,"Adjust exposure: -0.5 EV | Correct white balance: neutralise the cast, damped | Recover highlights and lift shadows: moderate | Crop: 16:9 crop -- keep 84% of the frame (x 0-512, y 53-341 of the working image) | Straighten: rotate 0.8° anticlockwise | Do not apply aggressive sharpening: halos cost more than they buy",Alamy; 123RF; Adobe Stock; Depositphotos; Dreamstime; Pond5; Shutterstock; Getty Images / iStock,Model release required before commercial licensing,P1019591.JPG,2,True,24.0,0.0,camera_original,keep_in_place,,ok,
784e8f1f4cd22e2d,P1019592.JPG,GOOD_PERSONAL,47,0,/Users/vitaliikarasov/Desktop/photo-ai-toolkit/photos/P1019592.JPG,photo,review,editorial,48,27,55,28,67,32,43,37,55,71,87,portrait,,Crop excess sky while retaining full figure and lakeside context.,,some_clipped_highlights: 30.4%,,Adjust exposure: -0.4 EV | Straighten: rotate 0.8° clockwise | Do not apply aggressive sharpening: halos cost more than they buy,Alamy; 123RF; Adobe Stock; Depositphotos; Dreamstime; Pond5; Shutterstock; Getty Images / iStock,Model release required before commercial licensing,P1019594.JPG,3,False,24.0,0.0,camera_original,hold_for_review,,ok,
8ae8b31dcf8424d7,P1019593.JPG,GOOD_PERSONAL,48,0,/Users/vitaliikarasov/Desktop/photo-ai-toolkit/photos/P1019593.JPG,photo,review,editorial,50,27,55,28,67,40,40,44,55,71,87,portrait,,Reduce blank sky and balance subject against boat.,,some_clipped_highlights: 30.9%,,Adjust exposure: -0.4 EV | Do not apply aggressive sharpening: halos cost more than they buy,Alamy; 123RF; Adobe Stock; Depositphotos; Dreamstime; Pond5; Shutterstock; Getty Images / iStock,Model release required before commercial licensing,P1019594.JPG,3,False,24.0,0.0,camera_original,hold_for_review,,ok,
144511baf292fe2c,P1019594.JPG,GOOD_PERSONAL,58,0,/Users/vitaliikarasov/Desktop/photo-ai-toolkit/photos/P1019594.JPG,photo,review,editorial,57,28,57,29,67,71,24,71,55,71,87,portrait,,Keep sidelong gaze; crop sky and preserve readable location signage.,,some_clipped_highlights: 34.3%,,Adjust exposure: -0.4 EV | Straighten: rotate 0.8° anticlockwise | Do not apply aggressive sharpening: halos cost more than they buy,Alamy; 123RF; Adobe Stock; Depositphotos; Dreamstime; Pond5; Shutterstock; Getty Images / iStock,Model release required before commercial licensing,P1019594.JPG,3,True,24.0,0.0,camera_original,hold_for_review,,ok,
73f93754c75d438f,P1019595.JPG,GOOD_STOCK,56,0,/Users/vitaliikarasov/Desktop/photo-ai-toolkit/photos/P1019595.JPG,photo,stock_strong,commercial,69,60,69,9,78,48,73,55,100,100,87,detail,,Enhance leaf separation and crop toward the strongest red cluster.,,,color_cast: channel means 193/139/132; mild_noise: sigma 7.1,"Adjust exposure: -0.4 EV | Correct white balance: neutralise the cast, damped | Recover highlights and lift shadows: moderate | Add contrast: restrained S-curve | Apply luminance denoise: restrained | Do not apply aggressive sharpening: halos cost more than they buy",123RF; Adobe Stock; Alamy; Depositphotos; Dreamstime; Pond5; Shutterstock; Getty Images / iStock,,P1019595.JPG,1,True,24.0,0.0,camera_original,keep_in_place,,ok,
62c0743961135796,P1019596.JPG,GOOD_STOCK,70,0,/Users/vitaliikarasov/Desktop/photo-ai-toolkit/photos/P1019596.JPG,photo,stock_strong,commercial,75,69,73,4,67,58,84,60,100,100,87,landscape,,Trim urban edges and deepen trunk separation,,heavy_noise: sigma 11.8,color_cast: channel means 142/82/44,"Adjust exposure: +0.3 EV | Correct white balance: neutralise the cast, damped | Recover highlights and lift shadows: moderate | Add contrast: restrained S-curve | Apply luminance denoise: restrained | Do not apply aggressive sharpening: halos cost more than they buy",123RF; Adobe Stock; Alamy; Depositphotos; Dreamstime; Pond5; Shutterstock; Getty Images / iStock,,P1019596.JPG,1,True,24.0,0.0,camera_original,keep_in_place,,ok,
ee83d0e6e6cb354c,P1019597.JPG,GOOD_STOCK,59,0,/Users/vitaliikarasov/Desktop/photo-ai-toolkit/photos/P1019597.JPG,photo,stock_strong,commercial,69,69,72,3,78,38,88,46,100,100,87,detail,,Subdue background and preserve luminous leaf detail,,,color_cast: channel means 161/86/36; mild_noise: sigma 7.2,Adjust exposure: +0.2 EV | Apply luminance denoise: restrained | Do not apply aggressive sharpening: halos cost more than they buy,123RF; Adobe Stock; Alamy; Depositphotos; Dreamstime; Pond5; Shutterstock; Getty Images / iStock,,P1019597.JPG,1,True,24.0,0.0,camera_original,keep_in_place,,ok,
7bd431997525d1aa,P1019598.JPG,GOOD_STOCK,57,0,/Users/vitaliikarasov/Desktop/photo-ai-toolkit/photos/P1019598.JPG,photo,stock_strong,commercial,67,70,72,2,67,32,86,41,100,100,87,detail,,Crop distractions and add gentle local contrast,,heavy_noise: sigma 8.3,color_cast: channel means 166/89/38,"Adjust exposure: +0.1 EV | Correct white balance: neutralise the cast, damped | Recover highlights and lift shadows: moderate | Add contrast: restrained S-curve | Apply luminance denoise: restrained | Do not apply aggressive sharpening: halos cost more than they buy",123RF; Adobe Stock; Alamy; Depositphotos; Dreamstime; Pond5; Shutterstock; Getty Images / iStock,,P1019598.JPG,1,True,24.0,0.0,camera_original,keep_in_place,,ok,
acef5ec6fd23c67a,P1019606.JPG,GOOD_STOCK,67,0,/Users/vitaliikarasov/Desktop/photo-ai-toolkit/photos/P1019606.JPG,photo,stock_standard,commercial,66,82,85,3,78,36,62,38,100,80,92,landscape,,Lift garden shadows and crop excess sky,,,,"Adjust exposure: +0.2 EV | Correct white balance: neutralise the cast, damped | Recover highlights and lift shadows: moderate | Add contrast: restrained S-curve | Do not apply aggressive sharpening: halos cost more than they buy",123RF; Adobe Stock; Alamy; Depositphotos; Dreamstime; Pond5; Shutterstock; Getty Images / iStock,,P1019606.JPG,2,True,24.0,0.0,camera_original,keep_in_place,,ok,
7713864a81c47b3a,P1019607.JPG,GOOD_STOCK,71,0,/Users/vitaliikarasov/Desktop/photo-ai-toolkit/photos/P1019607.JPG,photo,duplicate_candidate,commercial,60,75,82,7,67,38,74,39,100,3,87,landscape,,Recover bright sky and emphasize sculpted pine,,some_clipped_highlights: 3.9%; weaker_duplicate: a sharper frame exists in cluster P1019606.JPG (quality 7 points higher),,"Adjust exposure: -0.2 EV | Correct white balance: neutralise the cast, damped | Recover highlights and lift shadows: moderate | Add contrast: restrained S-curve | Straighten: rotate 4.8° clockwise | Do not apply aggressive sharpening: halos cost more than they buy",123RF; Adobe Stock; Alamy; Depositphotos; Dreamstime; Pond5; Shutterstock; Getty Images / iStock,,P1019606.JPG,2,False,24.0,0.0,camera_original,compare_by_hand,,ok,
39eb4eca9778afc4,P1019608.JPG,GOOD_STOCK,62,0,/Users/vitaliikarasov/Desktop/photo-ai-toolkit/photos/P1019608.JPG,photo,stock_standard,commercial,63,44,69,25,67,38,65,39,100,100,87,landscape,,Recover sky and open dense pine shadows,,some_clipped_highlights: 17.6%,mild_noise: sigma 3.9,"Adjust exposure: +0.2 EV | Correct white balance: neutralise the cast, damped | Apply luminance denoise: restrained | Do not apply aggressive sharpening: halos cost more than they buy",123RF; Adobe Stock; Alamy; Depositphotos; Dreamstime; Pond5; Shutterstock; Getty Images / iStock,,P1019608.JPG,1,True,24.0,0.0,camera_original,keep_in_place,,ok,
b2152fbaae24278c,P1019609.JPG,GOOD_STOCK,52,0,/Users/vitaliikarasov/Desktop/photo-ai-toolkit/photos/P1019609.JPG,photo,stock_strong,commercial,59,46,61,15,67,24,76,29,100,100,82,detail,,Balance yellow ginkgo against dark pine branches,,some_clipped_highlights: 10.4%,color_cast: channel means 77/74/64; mild_noise: sigma 4.5,"Adjust exposure: +0.7 EV | Correct white balance: neutralise the cast, damped | Recover highlights and lift shadows: moderate | Crop: 1:1 crop -- keep 67% of the frame (x 10-351, y 0-341 of the working image) | Apply luminance denoise: restrained | Do not apply aggressive sharpening: halos cost more than they buy",123RF; Adobe Stock; Alamy; Depositphotos; Dreamstime; Pond5; Shutterstock; Getty Images / iStock,,P1019609.JPG,1,True,24.0,0.0,camera_original,keep_in_place,,ok,
bec05c95a45ec90d,P1019610.JPG,GOOD_STOCK,50,0,/Users/vitaliikarasov/Desktop/photo-ai-toolkit/photos/P1019610.JPG,photo,stock_strong,commercial,57,47,62,15,67,20,73,26,100,100,82,detail,,Lift pine detail and control bright left edge,,some_clipped_highlights: 10.5%,color_cast: channel means 79/76/66; mild_noise: sigma 4.3,"Adjust exposure: +0.6 EV | Correct white balance: neutralise the cast, damped | Recover highlights and lift shadows: moderate | Crop: 1:1 crop -- keep 67% of the frame (x 12-353, y 0-341 of the working image) | Straighten: rotate 6.8° anticlockwise | Apply luminance denoise: restrained | Do not apply aggressive sharpening: halos cost more than they buy",123RF; Adobe Stock; Alamy; Depositphotos; Dreamstime; Pond5; Shutterstock; Getty Images / iStock,,P1019610.JPG,1,True,24.0,0.0,camera_original,keep_in_place,,ok,
fa959a3f107902d2,P1019611.JPG,GOOD_PERSONAL,77,0,/Users/vitaliikarasov/Desktop/photo-ai-toolkit/photos/P1019611.JPG,photo,stock_standard,editorial,71,71,77,6,56,67,58,67,55,100,82,landscape,,Recover pale canopy and retain visitors for scale,,some_clipped_highlights: 3.6%; heavy_noise: sigma 10.1,color_cast: channel means 137/111/111,"Correct white balance: neutralise the cast, damped | Recover highlights and lift shadows: moderate | Add contrast: restrained S-curve | Apply luminance denoise: restrained | Do not apply aggressive sharpening: halos cost more than they buy",Alamy; 123RF; Adobe Stock; Depositphotos; Dreamstime; Pond5; Shutterstock; Getty Images / iStock,Model release required before commercial licensing,P1019611.JPG,1,True,24.0,0.0,camera_original,keep_in_place,,ok,
1715fe72b3839c46,P1019612.JPG,GOOD_STOCK,64,0,/Users/vitaliikarasov/Desktop/photo-ai-toolkit/photos/P1019612.JPG,photo,stock_strong,commercial,70,64,71,7,78,44,83,48,100,100,87,landscape,,Lift foliage and crop building from upper left,,,color_cast: channel means 84/71/65; mild_noise: sigma 6.3,"Adjust exposure: +0.7 EV | Correct white balance: neutralise the cast, damped | Apply luminance denoise: restrained | Do not apply aggressive sharpening: halos cost more than they buy",123RF; Adobe Stock; Alamy; Depositphotos; Dreamstime; Pond5; Shutterstock; Getty Images / iStock,,P1019612.JPG,1,True,24.0,0.0,camera_original,keep_in_place,,ok,
fffe11a449c798c0,P1019613.JPG,GOOD_STOCK,73,0,/Users/vitaliikarasov/Desktop/photo-ai-toolkit/photos/P1019613.JPG,photo,duplicate_candidate,commercial,68,69,74,5,67,66,87,68,100,3,87,landscape,,Control bright background and emphasize trunk framing,,heavy_noise: sigma 9.4; weaker_duplicate: a sharper frame exists in cluster P1019614.JPG (quality 5 points higher),color_cast: channel means 153/124/117,"Adjust exposure: -0.2 EV | Correct white balance: neutralise the cast, damped | Recover highlights and lift shadows: moderate | Add contrast: restrained S-curve | Apply luminance denoise: restrained | Do not apply aggressive sharpening: halos cost more than they buy",123RF; Adobe Stock; Alamy; Depositphotos; Dreamstime; Pond5; Shutterstock; Getty Images / iStock,,P1019614.JPG,2,False,24.0,0.0,camera_original,compare_by_hand,,ok,
006edaba580dce18,P1019614.JPG,GOOD_STOCK,79,0,/Users/vitaliikarasov/Desktop/photo-ai-toolkit/photos/P1019614.JPG,photo,stock_strong,commercial,81,74,78,4,67,74,91,74,100,80,87,landscape,,Balance foliage saturation and retain pond activity,,heavy_noise: sigma 9.5,color_cast: channel means 134/110/103,"Correct white balance: neutralise the cast, damped | Recover highlights and lift shadows: moderate | Add contrast: restrained S-curve | Apply luminance denoise: restrained | Do not apply aggressive sharpening: halos cost more than they buy",123RF; Adobe Stock; Alamy; Depositphotos; Dreamstime; Pond5; Shutterstock; Getty Images / iStock,,P1019614.JPG,2,True,24.0,0.0,camera_original,keep_in_place,,ok,
0e84667cdee80476,P1019615.JPG,GOOD_PERSONAL,79,0,/Users/vitaliikarasov/Desktop/photo-ai-toolkit/photos/P1019615.JPG,photo,stock_standard,editorial,73,74,74,0,78,86,51,84,60,79,87,reportage,,Correct perspective and preserve moon above illuminated stalls,,,color_cast: channel means 121/105/94,"Correct white balance: neutralise the cast, damped | Recover highlights and lift shadows: moderate | Add contrast: restrained S-curve | Do not apply aggressive sharpening: halos cost more than they buy",Alamy; 123RF; Adobe Stock; Depositphotos; Dreamstime; Pond5; Shutterstock; Getty Images / iStock,Readable trademark present: editorial only unless cleared,P1019615.JPG,2,True,24.0,0.0,camera_original,keep_in_place,,ok,
4a1cd63fb232ce39,P1019616.JPG,GOOD_PERSONAL,79,0,/Users/vitaliikarasov/Desktop/photo-ai-toolkit/photos/P1019616.JPG,photo,stock_standard,editorial,75,74,74,0,78,91,53,88,60,79,87,reportage,,Recover stall highlights and straighten vertical architecture,,,color_cast: channel means 121/105/93,"Correct white balance: neutralise the cast, damped | Recover highlights and lift shadows: moderate | Add contrast: restrained S-curve | Do not apply aggressive sharpening: halos cost more than they buy",Alamy; 123RF; Adobe Stock; Depositphotos; Dreamstime; Pond5; Shutterstock; Getty Images / iStock,Readable trademark present: editorial only unless cleared,P1019615.JPG,2,False,24.0,0.0,camera_original,keep_in_place,,ok,
4c9691a57371540e,P1019617.JPG,GOOD_PERSONAL,57,0,/Users/vitaliikarasov/Desktop/photo-ai-toolkit/photos/P1019617.JPG,photo,review,editorial,49,48,61,13,78,50,21,51,15,79,87,reportage,,Lift trees and tighten crop around food banners,,,underexposed: mean luma 60; color_cast: channel means 76/55/47; mild_noise: sigma 5.8,"Adjust exposure: +1.0 EV | Correct white balance: neutralise the cast, damped | Recover highlights and lift shadows: moderate | Add contrast: restrained S-curve | Straighten: rotate 4.2° clockwise | Apply luminance denoise: restrained | Do not apply aggressive sharpening: halos cost more than they buy",Alamy; 123RF; Adobe Stock; Depositphotos; Dreamstime; Pond5; Shutterstock; Getty Images / iStock,Model release required before commercial licensing; Readable trademark present: editorial only unless cleared,P1019618.JPG,2,False,24.0,0.0,camera_original,hold_for_review,,ok,
9a08a16e450884d3,P1019618.JPG,GOOD_PERSONAL,71,0,/Users/vitaliikarasov/Desktop/photo-ai-toolkit/photos/P1019618.JPG,photo,review,editorial,60,49,61,12,78,81,26,77,15,79,87,reportage,,Crop lower edge and balance lantern reds,,,underexposed: mean luma 66; color_cast: channel means 84/60/51; mild_noise: sigma 6.4,"Adjust exposure: +0.8 EV | Correct white balance: neutralise the cast, damped | Recover highlights and lift shadows: moderate | Add contrast: restrained S-curve | Straighten: rotate 5.8° clockwise | Apply luminance denoise: restrained | Do not apply aggressive sharpening: halos cost more than they buy",Alamy; 123RF; Adobe Stock; Depositphotos; Dreamstime; Pond5; Shutterstock; Getty Images / iStock,Model release required before commercial licensing; Readable trademark present: editorial only unless cleared,P1019618.JPG,2,True,24.0,0.0,camera_original,hold_for_review,,ok,
f09ec54e34bbb512,P1019619.JPG,GOOD_PERSONAL,50,0,/Users/vitaliikarasov/Desktop/photo-ai-toolkit/photos/P1019619.JPG,photo,stock_standard,editorial,49,50,54,4,78,28,46,30,60,100,92,architecture,,Reduce foreground glare and correct converging verticals,,,,"Adjust exposure: +0.4 EV | Correct white balance: neutralise the cast, damped | Recover highlights and lift shadows: moderate | Crop: 16:9 crop -- keep 84% of the frame (x 0-512, y 53-341 of the working image) | Straighten: rotate 0.8° clockwise | Do not apply aggressive sharpening: halos cost more than they buy",Alamy; 123RF; Adobe Stock; Depositphotos; Dreamstime; Pond5; Shutterstock; Getty Images / iStock,Readable trademark present: editorial only unless cleared,P1019619.JPG,1,True,24.0,0.0,camera_original,keep_in_place,,ok,
c2abe02ffa08f8a3,P1019620.JPG,WEAK,38,0,/Users/vitaliikarasov/Desktop/photo-ai-toolkit/photos/P1019620.JPG,photo,review,editorial,41,35,43,8,78,19,38,18,60,100,92,architecture,,Crop right building and use sky as copy space,,,flat_contrast: luma sigma 25,Adjust exposure: +0.6 EV | Straighten: rotate 7.8° anticlockwise | Do not apply aggressive sharpening: halos cost more than they buy,Alamy; 123RF; Adobe Stock; Depositphotos; Dreamstime; Pond5; Shutterstock; Getty Images / iStock,Readable trademark present: editorial only unless cleared,P1019620.JPG,1,True,24.0,0.0,camera_original,hold_for_review,,ok,
2443a92f4e749f23,P1019621.JPG,GOOD_PERSONAL,57,0,/Users/vitaliikarasov/Desktop/photo-ai-toolkit/photos/P1019621.JPG,photo,review,editorial,62,61,65,4,78,74,27,79,55,79,92,portrait,,Tighten crop and gently warm skin tones,,,,"Correct white balance: neutralise the cast, damped | Recover highlights and lift shadows: moderate | Add contrast: restrained S-curve | Do not apply aggressive sharpening: halos cost more than they buy",Alamy; 123RF; Adobe Stock; Depositphotos; Dreamstime; Pond5; Shutterstock; Getty Images / iStock,Model release required before commercial licensing,P1019621.JPG,2,True,24.0,0.0,camera_original,hold_for_review,,ok,
62ce45612fac982a,P1019622.JPG,WEAK,38,0,/Users/vitaliikarasov/Desktop/photo-ai-toolkit/photos/P1019622.JPG,photo,review,editorial,59,59,63,4,78,68,23,74,55,79,92,portrait,,Reject unless the blinking expression serves a sequence,,,,"Correct white balance: neutralise the cast, damped | Recover highlights and lift shadows: moderate | Add contrast: restrained S-curve | Do not apply aggressive sharpening: halos cost more than they buy",Alamy; 123RF; Adobe Stock; Depositphotos; Dreamstime; Pond5; Shutterstock; Getty Images / iStock,Model release required before commercial licensing,P1019621.JPG,2,False,24.0,0.0,camera_original,hold_for_review,,ok,
98dd5f874808ec88,P1019623.JPG,GOOD_PERSONAL,47,0,/Users/vitaliikarasov/Desktop/photo-ai-toolkit/photos/P1019623.JPG,photo,review,editorial,60,64,67,3,78,61,22,68,55,100,92,portrait,,Reject for unrecoverable missed focus,,,,"Correct white balance: neutralise the cast, damped | Recover highlights and lift shadows: moderate | Add contrast: restrained S-curve | Do not apply aggressive sharpening: halos cost more than they buy",Alamy; 123RF; Adobe Stock; Depositphotos; Dreamstime; Pond5; Shutterstock; Getty Images / iStock,Model release required before commercial licensing,P1019623.JPG,1,True,24.0,0.0,camera_original,hold_for_review,,ok,
739a0a2dfb7426a9,P1019624.JPG,GOOD_PERSONAL,71,0,/Users/vitaliikarasov/Desktop/photo-ai-toolkit/photos/P1019624.JPG,photo,stock_standard,editorial,65,48,58,10,78,73,49,69,60,100,92,architecture,,Straighten geometry and balance sign against stairwell,,,,"Adjust exposure: +0.7 EV | Correct white balance: neutralise the cast, damped | Recover highlights and lift shadows: moderate | Crop: tight crop -- keep 53% of the frame (x 79-464, y 36-277 of the working image) | Straighten: rotate 2.2° clockwise | Do not apply aggressive sharpening: halos cost more than they buy",Alamy; 123RF; Adobe Stock; Depositphotos; Dreamstime; Pond5; Shutterstock; Getty Images / iStock,Readable trademark present: editorial only unless cleared,P1019624.JPG,1,True,24.0,0.0,camera_original,keep_in_place,,ok,
94edfa2f04be5c43,P1019625.JPG,GOOD_PERSONAL,55,0,/Users/vitaliikarasov/Desktop/photo-ai-toolkit/photos/P1019625.JPG,photo,review,editorial,56,47,59,12,67,59,28,61,60,79,87,street,,Recover storefront highlights and crop left canopy,,some_clipped_highlights: 4.8%,underexposed: mean luma 63; mild_noise: sigma 3.2,"Adjust exposure: +0.9 EV | Correct white balance: neutralise the cast, damped | Straighten: rotate 0.8° clockwise | Apply luminance denoise: restrained | Do not apply aggressive sharpening: halos cost more than they buy",Alamy; 123RF; Adobe Stock; Depositphotos; Dreamstime; Pond5; Shutterstock; Getty Images / iStock,Readable trademark present: editorial only unless cleared,P1019626.JPG,2,False,24.0,0.0,camera_original,hold_for_review,,ok,
9ceaae03334a5f07,P1019626.JPG,GOOD_PERSONAL,55,0,/Users/vitaliikarasov/Desktop/photo-ai-toolkit/photos/P1019626.JPG,photo,review,editorial,51,48,60,12,67,42,32,43,60,79,87,street,,Recover bright signage and trim left canopy,,some_clipped_highlights: 5.4%,underexposed: mean luma 65; mild_noise: sigma 3.1,"Adjust exposure: +0.9 EV | Correct white balance: neutralise the cast, damped | Straighten: rotate 2.2° clockwise | Apply luminance denoise: restrained | Do not apply aggressive sharpening: halos cost more than they buy",Alamy; 123RF; Adobe Stock; Depositphotos; Dreamstime; Pond5; Shutterstock; Getty Images / iStock,Readable trademark present: editorial only unless cleared,P1019626.JPG,2,True,24.0,0.0,camera_original,hold_for_review,,ok,
48aae1baada1ca55,P1019627.JPG,GOOD_PERSONAL,68,0,/Users/vitaliikarasov/Desktop/photo-ai-toolkit/photos/P1019627.JPG,photo,review,editorial,65,53,65,12,78,68,43,67,60,100,92,night,,Lift dark lower detail and correct converging verticals,,,mild_noise: sigma 6.0,"Adjust exposure: +0.7 EV | Correct white balance: neutralise the cast, damped | Recover highlights and lift shadows: moderate | Crop: 16:9 crop -- keep 84% of the frame (x 0-512, y 1-289 of the working image) | Apply luminance denoise: restrained | Do not apply aggressive sharpening: halos cost more than they buy",Alamy; 123RF; Adobe Stock; Depositphotos; Dreamstime; Pond5; Shutterstock; Getty Images / iStock,Readable trademark present: editorial only unless cleared,P1019627.JPG,1,True,24.0,0.0,camera_original,hold_for_review,,ok,
5a4bf80023c38e8f,P1019628.JPG,GOOD_PERSONAL,58,0,/Users/vitaliikarasov/Desktop/photo-ai-toolkit/photos/P1019628.JPG,photo,review,editorial,55,45,55,10,78,49,38,48,60,100,92,night,,Retain black sky; refine verticals and neon contrast,,,underexposed: mean luma 57; mild_noise: sigma 3.5,"Adjust exposure: +1.1 EV | Correct white balance: neutralise the cast, damped | Recover highlights and lift shadows: moderate | Crop: gentle crop -- keep 64% of the frame (x 29-497, y 11-248 of the working image) | Straighten: rotate 7.8° clockwise | Apply luminance denoise: restrained | Do not apply aggressive sharpening: halos cost more than they buy",Alamy; 123RF; Adobe Stock; Depositphotos; Dreamstime; Pond5; Shutterstock; Getty Images / iStock,Readable trademark present: editorial only unless cleared,P1019628.JPG,1,True,24.0,0.0,camera_original,hold_for_review,,ok,
3c8ff38ec2b564b6,P1019629.JPG,GOOD_PERSONAL,69,0,/Users/vitaliikarasov/Desktop/photo-ai-toolkit/photos/P1019629.JPG,photo,stock_standard,editorial,60,49,61,12,78,61,48,59,60,80,92,night,,Correct verticals and open detail around illuminated trees,,,underexposed: mean luma 60; mild_noise: sigma 3.4,"Adjust exposure: +1.0 EV | Correct white balance: neutralise the cast, damped | Recover highlights and lift shadows: moderate | Crop: 16:9 crop -- keep 84% of the frame (x 0-512, y 0-288 of the working image) | Straighten: rotate 6.2° clockwise | Apply luminance denoise: restrained | Do not apply aggressive sharpening: halos cost more than they buy",Alamy; 123RF; Adobe Stock; Depositphotos; Dreamstime; Pond5; Shutterstock; Getty Images / iStock,Readable trademark present: editorial only unless cleared,P1019629.JPG,2,True,24.0,0.0,camera_original,keep_in_place,,ok,
559d96bc88e75c58,P1019630.JPG,GOOD_PERSONAL,64,0,/Users/vitaliikarasov/Desktop/photo-ai-toolkit/photos/P1019630.JPG,photo,stock_standard,editorial,58,48,59,11,78,58,45,57,60,80,92,night,,Open lower shadows and trim the right facade,,,underexposed: mean luma 58; mild_noise: sigma 3.4,"Adjust exposure: +1.0 EV | Correct white balance: neutralise the cast, damped | Recover highlights and lift shadows: moderate | Crop: 16:9 crop -- keep 84% of the frame (x 0-512, y 0-288 of the working image) | Straighten: rotate 5.2° clockwise | Apply luminance denoise: restrained | Do not apply aggressive sharpening: halos cost more than they buy",Alamy; 123RF; Adobe Stock; Depositphotos; Dreamstime; Pond5; Shutterstock; Getty Images / iStock,Readable trademark present: editorial only unless cleared,P1019629.JPG,2,False,24.0,0.0,camera_original,keep_in_place,,ok,
1fb4ac36a417e542,P1019631.JPG,GOOD_PERSONAL,79,0,/Users/vitaliikarasov/Desktop/photo-ai-toolkit/photos/P1019631.JPG,photo,stock_standard,editorial,68,59,69,10,67,75,59,72,60,71,87,night,,Correct perspective and preserve storefront detail,,heavy_noise: sigma 8.1,underexposed: mean luma 63; color_cast: channel means 75/58/56,"Adjust exposure: +0.9 EV | Correct white balance: neutralise the cast, damped | Recover highlights and lift shadows: moderate | Crop: 1:1 crop -- keep 67% of the frame (x 68-409, y 0-341 of the working image) | Straighten: rotate 1.2° clockwise | Apply luminance denoise: restrained | Do not apply aggressive sharpening: halos cost more than they buy",Alamy; 123RF; Adobe Stock; Depositphotos; Dreamstime; Pond5; Shutterstock; Getty Images / iStock,Readable trademark present: editorial only unless cleared,P1019631.JPG,3,True,24.0,0.0,camera_original,keep_in_place,,ok,
f7ef47589f417c5a,P1019632.JPG,WEAK,34,0,/Users/vitaliikarasov/Desktop/photo-ai-toolkit/photos/P1019632.JPG,photo,duplicate_candidate,editorial,25,23,37,14,67,20,18,14,60,3,82,night,,Lift deep facade shadows without flattening lights,,some_crushed_shadows: 18.2%; weaker_duplicate: a sharper frame exists in cluster P1019631.JPG (quality 36 points higher),underexposed: mean luma 28; color_cast: channel means 34/26/25; mild_noise: sigma 4.9,"Adjust exposure: +2.0 EV | Correct white balance: neutralise the cast, damped | Recover highlights and lift shadows: moderate | Crop: 1:1 crop -- keep 67% of the frame (x 78-419, y 0-341 of the working image) | Apply luminance denoise: restrained | Do not apply aggressive sharpening: halos cost more than they buy",Alamy; 123RF; Adobe Stock; Depositphotos; Dreamstime; Pond5; Shutterstock; Getty Images / iStock,Readable trademark present: editorial only unless cleared,P1019631.JPG,3,False,24.0,0.0,camera_original,compare_by_hand,,ok,
bda0034fb210fcff,P1019633.JPG,WEAK,28,0,/Users/vitaliikarasov/Desktop/photo-ai-toolkit/photos/P1019633.JPG,photo,duplicate_candidate,editorial,21,16,33,17,67,14,11,10,60,3,82,night,,Recover shadows aggressively and crop empty right side,,some_crushed_shadows: 23.0%; weaker_duplicate: a sharper frame exists in cluster P1019631.JPG (quality 42 points higher),underexposed: mean luma 27; color_cast: channel means 33/25/25; mild_noise: sigma 4.9,"Adjust exposure: +2.0 EV | Correct white balance: neutralise the cast, damped | Recover highlights and lift shadows: moderate | Crop: 1:1 crop -- keep 67% of the frame (x 69-410, y 0-341 of the working image) | Straighten: rotate 0.8° anticlockwise | Apply luminance denoise: restrained | Do not apply aggressive sharpening: halos cost more than they buy",Alamy; 123RF; Adobe Stock; Depositphotos; Dreamstime; Pond5; Shutterstock; Getty Images / iStock,Readable trademark present: editorial only unless cleared,P1019631.JPG,3,False,24.0,0.0,camera_original,compare_by_hand,,ok,
a5180ced7c48c448,P1019634.JPG,GOOD_PERSONAL,64,0,/Users/vitaliikarasov/Desktop/photo-ai-toolkit/photos/P1019634.JPG,photo,review,editorial,54,39,56,17,78,53,36,49,60,80,87,night,,Lift elevated structure and control mixed lighting,,,underexposed: mean luma 49; color_cast: channel means 57/46/44; mild_noise: sigma 4.5,"Adjust exposure: +1.3 EV | Correct white balance: neutralise the cast, damped | Recover highlights and lift shadows: moderate | Crop: 4:5 crop -- keep 53% of the frame (x 230-502, y 1-341 of the working image) | Straighten: rotate 3.8° anticlockwise | Apply luminance denoise: restrained | Do not apply aggressive sharpening: halos cost more than they buy",Alamy; 123RF; Adobe Stock; Depositphotos; Dreamstime; Pond5; Shutterstock; Getty Images / iStock,Readable trademark present: editorial only unless cleared,P1019634.JPG,2,True,24.0,0.0,camera_original,hold_for_review,,ok,
2a085e8c4575c4da,P1019635.JPG,GOOD_PERSONAL,56,0,/Users/vitaliikarasov/Desktop/photo-ai-toolkit/photos/P1019635.JPG,photo,review,editorial,50,38,55,17,78,44,33,43,60,80,87,night,,Crop upper darkness slightly and straighten facade,,,underexposed: mean luma 50; color_cast: channel means 58/47/46; mild_noise: sigma 4.2,"Adjust exposure: +1.2 EV | Correct white balance: neutralise the cast, damped | Recover highlights and lift shadows: moderate | Crop: 4:5 crop -- keep 53% of the frame (x 231-503, y 1-341 of the working image) | Apply luminance denoise: restrained | Do not apply aggressive sharpening: halos cost more than they buy",Alamy; 123RF; Adobe Stock; Depositphotos; Dreamstime; Pond5; Shutterstock; Getty Images / iStock,Readable trademark present: editorial only unless cleared,P1019634.JPG,2,False,24.0,0.0,camera_original,hold_for_review,,ok,
fc8b9998384feb4e,P1019636.JPG,GOOD_PERSONAL,54,0,/Users/vitaliikarasov/Desktop/photo-ai-toolkit/photos/P1019636.JPG,photo,review,editorial,50,38,55,17,78,38,29,38,60,100,87,night,,Open tree shadows and refine vertical perspective,,,underexposed: mean luma 46; color_cast: channel means 55/43/42; mild_noise: sigma 3.8,"Adjust exposure: +1.4 EV | Correct white balance: neutralise the cast, damped | Recover highlights and lift shadows: moderate | Crop: 4:5 crop -- keep 53% of the frame (x 235-507, y 0-340 of the working image) | Straighten: rotate 1.2° anticlockwise | Apply luminance denoise: restrained | Do not apply aggressive sharpening: halos cost more than they buy",Alamy; 123RF; Adobe Stock; Depositphotos; Dreamstime; Pond5; Shutterstock; Getty Images / iStock,Readable trademark present: editorial only unless cleared,P1019636.JPG,1,True,24.0,0.0,camera_original,hold_for_review,,ok,
4ae0c08d68212197,P1019637.JPG,GOOD_PERSONAL,46,0,/Users/vitaliikarasov/Desktop/photo-ai-toolkit/photos/P1019637.JPG,photo,review,editorial,45,35,47,12,78,33,27,29,60,100,87,night,,Crop left fragment and brighten illuminated tree,,,underexposed: mean luma 39; color_cast: channel means 45/36/37; mild_noise: sigma 3.9,"Adjust exposure: +1.6 EV | Correct white balance: neutralise the cast, damped | Recover highlights and lift shadows: moderate | Crop: 4:5 crop -- keep 53% of the frame (x 231-503, y 1-341 of the working image) | Straighten: rotate 1.8° anticlockwise | Apply luminance denoise: restrained | Do not apply aggressive sharpening: halos cost more than they buy",Alamy; 123RF; Adobe Stock; Depositphotos; Dreamstime; Pond5; Shutterstock; Getty Images / iStock,Readable trademark present: editorial only unless cleared,P1019637.JPG,1,True,24.0,0.0,camera_original,hold_for_review,,ok,
ecb7496746ebf519,P1019638.JPG,GOOD_PERSONAL,55,0,/Users/vitaliikarasov/Desktop/photo-ai-toolkit/photos/P1019638.JPG,photo,review,editorial,59,44,60,16,78,66,20,69,60,100,87,street,,Treat figure as silhouette and emphasize street context,,,underexposed: mean luma 61; color_cast: channel means 74/57/51,"Adjust exposure: +0.9 EV | Correct white balance: neutralise the cast, damped | Recover highlights and lift shadows: moderate | Crop: 1:1 crop -- keep 67% of the frame (x 0-341, y 0-341 of the working image) | Straighten: rotate 3.8° clockwise | Do not apply aggressive sharpening: halos cost more than they buy",Alamy; 123RF; Adobe Stock; Depositphotos; Dreamstime; Pond5; Shutterstock; Getty Images / iStock,Readable trademark present: editorial only unless cleared,P1019638.JPG,1,True,24.0,0.0,camera_original,hold_for_review,,ok,
225bd16b0fac6c8e,P1019639.JPG,WEAK,44,0,/Users/vitaliikarasov/Desktop/photo-ai-toolkit/photos/P1019639.JPG,photo,review,editorial,48,29,40,11,78,66,19,50,55,80,92,portrait,,Crop right-edge figure and gently lift both faces,,,underexposed: mean luma 54,"Adjust exposure: +1.1 EV | Correct white balance: neutralise the cast, damped | Straighten: rotate 1.2° anticlockwise | Do not apply aggressive sharpening: halos cost more than they buy",Alamy; 123RF; Adobe Stock; Depositphotos; Dreamstime; Pond5; Shutterstock; Getty Images / iStock,Model release required before commercial licensing,P1019642.JPG,2,False,24.0,0.0,camera_original,hold_for_review,,ok,
246b1a471a43f44a,P1019640.JPG,WEAK,38,0,/Users/vitaliikarasov/Desktop/photo-ai-toolkit/photos/P1019640.JPG,photo,review,editorial,41,25,36,11,78,52,16,36,55,80,87,portrait,,Lift faces and crop excess headroom and right pedestrian,,,underexposed: mean luma 49; color_cast: channel means 56/46/45,"Adjust exposure: +1.3 EV | Correct white balance: neutralise the cast, damped | Straighten: rotate 0.8° clockwise | Do not apply aggressive sharpening: halos cost more than they buy",Alamy; 123RF; Adobe Stock; Depositphotos; Dreamstime; Pond5; Shutterstock; Getty Images / iStock,Model release required before commercial licensing,P1019641.JPG,2,False,24.0,0.0,camera_original,hold_for_review,,ok,
98d4fbb7b2b8e8c6,P1019641.JPG,WEAK,42,0,/Users/vitaliikarasov/Desktop/photo-ai-toolkit/photos/P1019641.JPG,photo,review,editorial,44,28,39,11,78,59,14,43,55,80,92,portrait,,Lift faces and retain surrounding street atmosphere,,,underexposed: mean luma 53,"Adjust exposure: +1.2 EV | Correct white balance: neutralise the cast, damped | Straighten: rotate 6.2° clockwise | Do not apply aggressive sharpening: halos cost more than they buy",Alamy; 123RF; Adobe Stock; Depositphotos; Dreamstime; Pond5; Shutterstock; Getty Images / iStock,Model release required before commercial licensing,P1019641.JPG,2,True,24.0,0.0,camera_original,hold_for_review,,ok,
761d478bb2307725,P1019642.JPG,GOOD_PERSONAL,47,0,/Users/vitaliikarasov/Desktop/photo-ai-toolkit/photos/P1019642.JPG,photo,review,editorial,48,29,40,11,78,66,22,49,55,80,87,portrait,,"Lift faces, preserve gesture, and control colorful background",,,underexposed: mean luma 53; color_cast: channel means 59/51/49,"Adjust exposure: +1.1 EV | Correct white balance: neutralise the cast, damped | Straighten: rotate 0.8° clockwise | Do not apply aggressive sharpening: halos cost more than they buy",Alamy; 123RF; Adobe Stock; Depositphotos; Dreamstime; Pond5; Shutterstock; Getty Images / iStock,Model release required before commercial licensing,P1019642.JPG,2,True,24.0,0.0,camera_original,hold_for_review,,ok,
0e8cf70fbbdf9eef,P1019643.JPG,GOOD_PERSONAL,67,0,/Users/vitaliikarasov/Desktop/photo-ai-toolkit/photos/P1019643.JPG,photo,stock_standard,editorial,59,40,48,8,78,64,54,51,60,100,87,night,,Correct verticals and balance traffic against illuminated facades,,,underexposed: mean luma 38; color_cast: channel means 42/38/34; mild_noise: sigma 4.4,"Adjust exposure: +1.6 EV | Correct white balance: neutralise the cast, damped | Straighten: rotate 0.8° clockwise | Apply luminance denoise: restrained | Do not apply aggressive sharpening: halos cost more than they buy",Alamy; 123RF; Adobe Stock; Depositphotos; Dreamstime; Pond5; Shutterstock; Getty Images / iStock,Readable trademark present: editorial only unless cleared,P1019643.JPG,1,True,24.0,0.0,camera_original,keep_in_place,,ok,
d892222f4727a41e,P1019644.JPG,GOOD_PERSONAL,62,0,/Users/vitaliikarasov/Desktop/photo-ai-toolkit/photos/P1019644.JPG,photo,review,editorial,57,46,54,8,78,59,39,54,60,100,87,night,,Open left shadows and crop ceiling while preserving streetscape,,,underexposed: mean luma 43; color_cast: channel means 47/43/38; mild_noise: sigma 4.2,"Adjust exposure: +1.4 EV | Correct white balance: neutralise the cast, damped | Straighten: rotate 3.2° clockwise | Apply luminance denoise: restrained | Do not apply aggressive sharpening: halos cost more than they buy",Alamy; 123RF; Adobe Stock; Depositphotos; Dreamstime; Pond5; Shutterstock; Getty Images / iStock,Readable trademark present: editorial only unless cleared,P1019644.JPG,1,True,24.0,0.0,camera_original,hold_for_review,,ok,
f42a4951c7c910ec,P1019645.JPG,GOOD_PERSONAL,52,0,/Users/vitaliikarasov/Desktop/photo-ai-toolkit/photos/P1019645.JPG,photo,review,editorial,46,18,39,21,67,43,40,28,60,100,82,architecture,,Lift dark structure and tighten around restaurant signage,,some_crushed_shadows: 25.2%,underexposed: mean luma 37; color_cast: channel means 42/36/33; mild_noise: sigma 4.2,"Adjust exposure: +1.7 EV | Correct white balance: neutralise the cast, damped | Recover highlights and lift shadows: moderate | Crop: 1:1 crop -- keep 67% of the frame (x 140-481, y 0-341 of the working image) | Straighten: rotate 6.2° clockwise | Apply luminance denoise: restrained | Do not apply aggressive sharpening: halos cost more than they buy",Alamy; 123RF; Adobe Stock; Depositphotos; Dreamstime; Pond5; Shutterstock; Getty Images / iStock,Readable trademark present: editorial only unless cleared,P1019645.JPG,1,True,24.0,0.0,camera_original,hold_for_review,,ok,
86ecd534aa923706,P1019646.JPG,GOOD_PERSONAL,53,0,/Users/vitaliikarasov/Desktop/photo-ai-toolkit/photos/P1019646.JPG,photo,stock_standard,editorial,45,20,41,21,67,38,49,27,60,80,82,architecture,,Recover shadow detail and straighten converging vertical lines,,some_crushed_shadows: 29.8%,underexposed: mean luma 45; color_cast: channel means 50/43/41; mild_noise: sigma 3.2,"Adjust exposure: +1.4 EV | Correct white balance: neutralise the cast, damped | Recover highlights and lift shadows: moderate | Crop: 4:5 crop -- keep 53% of the frame (x 194-466, y 0-340 of the working image) | Straighten: rotate 3.2° clockwise | Apply luminance denoise: restrained | Do not apply aggressive sharpening: halos cost more than they buy",Alamy; 123RF; Adobe Stock; Depositphotos; Dreamstime; Pond5; Shutterstock; Getty Images / iStock,Readable trademark present: editorial only unless cleared,P1019647.JPG,2,False,24.0,0.0,camera_original,keep_in_place,,ok,
092cd1ca0421021b,P1019647.JPG,GOOD_PERSONAL,49,0,/Users/vitaliikarasov/Desktop/photo-ai-toolkit/photos/P1019647.JPG,photo,stock_standard,editorial,44,20,41,21,67,35,45,26,60,80,87,architecture,,"Lift shadows, correct perspective, retain dense illuminated signage",,some_crushed_shadows: 30.3%,underexposed: mean luma 45; mild_noise: sigma 3.1,"Adjust exposure: +1.4 EV | Correct white balance: neutralise the cast, damped | Recover highlights and lift shadows: moderate | Crop: 4:5 crop -- keep 53% of the frame (x 196-468, y 0-340 of the working image) | Straighten: rotate 2.8° clockwise | Apply luminance denoise: restrained | Do not apply aggressive sharpening: halos cost more than they buy",Alamy; 123RF; Adobe Stock; Depositphotos; Dreamstime; Pond5; Shutterstock; Getty Images / iStock,Readable trademark present: editorial only unless cleared,P1019647.JPG,2,True,24.0,0.0,camera_original,keep_in_place,,ok,
97421530fd4bcf97,P1019648.JPG,GOOD_PERSONAL,53,0,/Users/vitaliikarasov/Desktop/photo-ai-toolkit/photos/P1019648.JPG,photo,review,editorial,46,16,34,18,67,58,32,32,60,100,87,night,,Recover street silhouettes and retain environmental width,,some_crushed_shadows: 35.8%,underexposed: mean luma 32,"Adjust exposure: +1.9 EV | Correct white balance: neutralise the cast, damped | Recover highlights and lift shadows: moderate | Crop: 4:5 crop -- keep 53% of the frame (x 199-471, y 0-340 of the working image) | Straighten: rotate 6.8° clockwise | Do not apply aggressive sharpening: halos cost more than they buy",Alamy; 123RF; Adobe Stock; Depositphotos; Dreamstime; Pond5; Shutterstock; Getty Images / iStock,Readable trademark present: editorial only unless cleared,P1019648.JPG,1,True,24.0,0.0,camera_original,hold_for_review,,ok,
83f8ec2054e2760b,P1019649.JPG,GOOD_PERSONAL,56,0,/Users/vitaliikarasov/Desktop/photo-ai-toolkit/photos/P1019649.JPG,photo,review,editorial,60,49,59,10,78,71,22,74,55,100,87,portrait,,Brighten face and crop distracting white edge,,,color_cast: channel means 88/77/71; mild_noise: sigma 3.2,Adjust exposure: +0.6 EV | Straighten: rotate 0.8° clockwise | Apply luminance denoise: restrained | Do not apply aggressive sharpening: halos cost more than they buy,Alamy; 123RF; Adobe Stock; Depositphotos; Dreamstime; Pond5; Shutterstock; Getty Images / iStock,Model release required before commercial licensing,P1019649.JPG,1,True,24.0,0.0,camera_original,hold_for_review,,ok,
ad5a2af3e1691b1d,P1019650.JPG,GOOD_PERSONAL,51,0,/Users/vitaliikarasov/Desktop/photo-ai-toolkit/photos/P1019650.JPG,photo,review,editorial,57,45,55,10,78,63,23,67,55,100,87,portrait,,Lift facial shadows and warm skin slightly,,,color_cast: channel means 87/75/68; mild_noise: sigma 3.3,Adjust exposure: +0.6 EV | Straighten: rotate 2.8° anticlockwise | Apply luminance denoise: restrained | Do not apply aggressive sharpening: halos cost more than they buy,Alamy; 123RF; Adobe Stock; Depositphotos; Dreamstime; Pond5; Shutterstock; Getty Images / iStock,Model release required before commercial licensing,P1019650.JPG,1,True,24.0,0.0,camera_original,hold_for_review,,ok,
361a861246d2b996,P1019651.JPG,GOOD_PERSONAL,52,0,/Users/vitaliikarasov/Desktop/photo-ai-toolkit/photos/P1019651.JPG,photo,review,editorial,58,52,60,8,78,59,27,64,55,100,87,portrait,,Brighten face and retain balanced character framing,,,color_cast: channel means 95/82/75; mild_noise: sigma 3.7,"Adjust exposure: +0.5 EV | Correct white balance: neutralise the cast, damped | Recover highlights and lift shadows: moderate | Add contrast: restrained S-curve | Straighten: rotate 3.2° anticlockwise | Apply luminance denoise: restrained | Do not apply aggressive sharpening: halos cost more than they buy",Alamy; 123RF; Adobe Stock; Depositphotos; Dreamstime; Pond5; Shutterstock; Getty Images / iStock,Model release required before commercial licensing,P1019651.JPG,1,True,24.0,0.0,camera_original,hold_for_review,,ok,
0aa70cb63277afbc,P1019652.JPG,WEAK,36,0,/Users/vitaliikarasov/Desktop/photo-ai-toolkit/photos/P1019652.JPG,photo,archive_only,editorial,36,13,23,10,67,53,9,21,60,100,82,night,,Lift selective shadows and center attention on silhouetted pedestrian,,some_crushed_shadows: 19.1%,underexposed: mean luma 18; color_cast: channel means 19/17/16,"Adjust exposure: +2.0 EV | Correct white balance: neutralise the cast, damped | Recover highlights and lift shadows: moderate | Add contrast: restrained S-curve | Do not apply aggressive sharpening: halos cost more than they buy",Alamy; 123RF; Adobe Stock; Depositphotos; Dreamstime; Pond5; Shutterstock; Getty Images / iStock,Readable trademark present: editorial only unless cleared,P1019652.JPG,1,True,24.0,0.0,camera_original,keep_in_place,,ok,
bafaf661c1da43a1,P1019672.JPG,GOOD_PERSONAL,73,0,/Users/vitaliikarasov/Desktop/photo-ai-toolkit/photos/P1019672.JPG,photo,review,editorial,64,77,80,3,78,49,39,49,60,100,87,night,,Reduce magenta cast and control luminous signage,,,color_cast: channel means 176/104/106; mild_noise: sigma 7.6,"Correct white balance: neutralise the cast, damped | Recover highlights and lift shadows: moderate | Add contrast: restrained S-curve | Straighten: rotate 3.2° clockwise | Apply luminance denoise: restrained | Do not apply aggressive sharpening: halos cost more than they buy",Alamy; 123RF; Adobe Stock; Depositphotos; Dreamstime; Pond5; Shutterstock; Getty Images / iStock,Readable trademark present: editorial only unless cleared,P1019672.JPG,1,True,24.0,0.0,camera_original,hold_for_review,,ok,
fab862bc20118b20,P1019673.JPG,GOOD_PERSONAL,77,0,/Users/vitaliikarasov/Desktop/photo-ai-toolkit/photos/P1019673.JPG,photo,review,editorial,67,76,81,5,67,60,38,59,60,100,87,night,,Correct perspective and balance mixed neon colour,,heavy_noise: sigma 8.1,color_cast: channel means 144/107/111,"Correct white balance: neutralise the cast, damped | Recover highlights and lift shadows: moderate | Add contrast: restrained S-curve | Straighten: rotate 6.8° clockwise | Apply luminance denoise: restrained | Do not apply aggressive sharpening: halos cost more than they buy",Alamy; 123RF; Adobe Stock; Depositphotos; Dreamstime; Pond5; Shutterstock; Getty Images / iStock,Readable trademark present: editorial only unless cleared,P1019673.JPG,1,True,24.0,0.0,camera_original,hold_for_review,,ok,
aa224627561d2186,P1019683.JPG,GOOD_STOCK,67,0,/Users/vitaliikarasov/Desktop/photo-ai-toolkit/photos/P1019683.JPG,photo,stock_strong,commercial,67,72,76,4,78,33,88,36,100,80,87,landscape,,Add dehaze and suppress window reflections,,,color_cast: channel means 99/125/144,"Correct white balance: neutralise the cast, damped | Recover highlights and lift shadows: moderate | Add contrast: restrained S-curve | Straighten: rotate 6.2° clockwise | Do not apply aggressive sharpening: halos cost more than they buy",123RF; Adobe Stock; Alamy; Depositphotos; Dreamstime; Pond5; Shutterstock; Getty Images / iStock,,P1019683.JPG,2,True,24.0,0.0,camera_original,keep_in_place,,ok,
dab1b2887dd2e4b3,P1019684.JPG,GOOD_STOCK,63,0,/Users/vitaliikarasov/Desktop/photo-ai-toolkit/photos/P1019684.JPG,photo,stock_strong,commercial,64,68,73,5,78,28,87,32,100,80,87,landscape,,Dehaze skyline and reduce upper-right reflections,,,color_cast: channel means 86/111/130,"Adjust exposure: +0.2 EV | Correct white balance: neutralise the cast, damped | Recover highlights and lift shadows: moderate | Add contrast: restrained S-curve | Straighten: rotate 1.2° clockwise | Do not apply aggressive sharpening: halos cost more than they buy",123RF; Adobe Stock; Alamy; Depositphotos; Dreamstime; Pond5; Shutterstock; Getty Images / iStock,,P1019683.JPG,2,False,24.0,0.0,camera_original,keep_in_place,,ok,
072e6fb8432d5a9c,P1019686.JPG,GOOD_STOCK,55,0,/Users/vitaliikarasov/Desktop/photo-ai-toolkit/photos/P1019686.JPG,photo,stock_strong,commercial,61,57,67,10,78,29,70,34,100,100,87,landscape,,Open foreground shadows and emphasize autumn color,,,underexposed: mean luma 67; color_cast: channel means 65/69/57; mild_noise: sigma 5.4,Adjust exposure: +0.8 EV | Straighten: rotate 3.2° anticlockwise | Apply luminance denoise: restrained | Do not apply aggressive sharpening: halos cost more than they buy,123RF; Adobe Stock; Alamy; Depositphotos; Dreamstime; Pond5; Shutterstock; Getty Images / iStock,,P1019686.JPG,1,True,24.0,0.0,camera_original,keep_in_place,,ok,
7992437517d13ac9,P1019687.JPG,GOOD_STOCK,58,0,/Users/vitaliikarasov/Desktop/photo-ai-toolkit/photos/P1019687.JPG,photo,stock_strong,commercial,63,55,66,11,78,34,75,38,100,100,87,landscape,,Lift shadows and refine separation among foliage layers,,,underexposed: mean luma 63; color_cast: channel means 62/66/56; mild_noise: sigma 5.3,Adjust exposure: +0.9 EV | Straighten: rotate 0.8° anticlockwise | Apply luminance denoise: restrained | Do not apply aggressive sharpening: halos cost more than they buy,123RF; Adobe Stock; Alamy; Depositphotos; Dreamstime; Pond5; Shutterstock; Getty Images / iStock,,P1019687.JPG,1,True,24.0,0.0,camera_original,keep_in_place,,ok,
0b1960dee66f9ab3,P1019688.JPG,GOOD_STOCK,50,0,/Users/vitaliikarasov/Desktop/photo-ai-toolkit/photos/P1019688.JPG,photo,stock_standard,commercial,58,47,57,10,78,35,62,39,100,100,87,landscape,,Crop left edge and brighten orange foliage,,,underexposed: mean luma 54; color_cast: channel means 56/56/39; mild_noise: sigma 5.8,Adjust exposure: +1.1 EV | Recover highlights and lift shadows: moderate | Straighten: rotate 5.2° anticlockwise | Apply luminance denoise: restrained | Do not apply aggressive sharpening: halos cost more than they buy,123RF; Adobe Stock; Alamy; Depositphotos; Dreamstime; Pond5; Shutterstock; Getty Images / iStock,,P1019688.JPG,1,True,24.0,0.0,camera_original,keep_in_place,,ok,
82d8f132d062755d,P1019690.JPG,WEAK,39,0,/Users/vitaliikarasov/Desktop/photo-ai-toolkit/photos/P1019690.JPG,photo,review,commercial,51,33,45,12,78,41,38,37,100,100,87,detail,,Crop tighter around koi and increase local contrast,,,underexposed: mean luma 69; flat_contrast: luma sigma 25; color_cast: channel means 61/70/88; mild_noise: sigma 4.8,"Adjust exposure: +0.8 EV | Correct white balance: neutralise the cast, damped | Apply luminance denoise: restrained | Do not apply aggressive sharpening: halos cost more than they buy",123RF; Adobe Stock; Alamy; Depositphotos; Dreamstime; Pond5; Shutterstock; Getty Images / iStock,,P1019690.JPG,1,True,24.0,0.0,camera_original,hold_for_review,,ok,
d67a8a4acc1372b3,P1019691.JPG,WEAK,43,0,/Users/vitaliikarasov/Desktop/photo-ai-toolkit/photos/P1019691.JPG,photo,stock_standard,commercial,53,37,49,12,78,37,46,37,100,100,87,detail,,Brighten koi and simplify surrounding stone edges,,,underexposed: mean luma 67; color_cast: channel means 60/67/83; mild_noise: sigma 4.8,"Adjust exposure: +0.8 EV | Correct white balance: neutralise the cast, damped | Apply luminance denoise: restrained | Do not apply aggressive sharpening: halos cost more than they buy",123RF; Adobe Stock; Alamy; Depositphotos; Dreamstime; Pond5; Shutterstock; Getty Images / iStock,,P1019691.JPG,1,True,24.0,0.0,camera_original,keep_in_place,,ok,
fe0ec4f70e8e840e,P1019692.JPG,GOOD_STOCK,52,0,/Users/vitaliikarasov/Desktop/photo-ai-toolkit/photos/P1019692.JPG,photo,stock_standard,commercial,56,31,43,12,78,57,49,44,100,100,87,detail,,Emphasize koi against architectural reflection and dark water,,,underexposed: mean luma 68; flat_contrast: luma sigma 27; color_cast: channel means 61/69/83; mild_noise: sigma 3.6,"Adjust exposure: +0.8 EV | Correct white balance: neutralise the cast, damped | Recover highlights and lift shadows: moderate | Add contrast: restrained S-curve | Apply luminance denoise: restrained | Do not apply aggressive sharpening: halos cost more than they buy",123RF; Adobe Stock; Alamy; Depositphotos; Dreamstime; Pond5; Shutterstock; Getty Images / iStock,,P1019692.JPG,1,True,24.0,0.0,camera_original,keep_in_place,,ok,
